duetime,startnode,endnode,starttime,arrivaltime,transporttime,handlingtime,hops
72.47,Berlin,Milan,24.47,43.80000000000001,13.999999999999996,2.4000000000000057,3
101.85,Berlin,Milan,15.85,44.000000000000014,13.999999999999996,3.0000000000000107,3
126.89,Berlin,Milan,24.89,44.20000000000002,13.999999999999996,3.6000000000000156,3
90.86,Paris,Vienna,15.86,77.00000000000001,14.0,1.8000000000000256,2
105.02,Paris,Vienna,22.02,77.20000000000002,14.0,2.2000000000000313,2
121.99,Paris,Vienna,59.989999999999995,77.40000000000002,14.0,2.600000000000037,2
81.43,Munich,Paris,14.43,80.4,9.0,0.4000000000000057,1
63.51,Vienna,Prague,43.51,85.80000000000001,4.0,0.8000000000000114,1
105.25,Vienna,Prague,73.25,86.00000000000001,4.0,1.0000000000000142,1
111.82,Vienna,Prague,80.82,86.20000000000002,4.0,1.200000000000017,1
167.94,Paris,Vienna,94.94,113.80000000000001,14.0,1.6000000000000227,2
174.11,Paris,Vienna,88.11,114.00000000000001,14.0,2.0000000000000284,2
190.12,Paris,Vienna,96.12,114.20000000000002,14.0,2.400000000000034,2
133.92000000000002,Paris,Brussels,102.92,166.19999999999987,4.0,1.199999999999875,1
211.54000000000002,Paris,Vienna,113.54,203.19999999999993,14.0,1.9999999999998863,2
214.06,Paris,Vienna,161.06,203.39999999999992,14.0,2.3999999999998636,2
263.85,Paris,Vienna,185.85,203.5999999999999,14.0,2.799999999999841,2
222.4,Munich,Paris,170.4,206.59999999999997,9.0,0.5999999999999659,1
223.44,Munich,Paris,168.44,206.79999999999995,9.0,0.7999999999999545,1
131.27,Rotterdam,Milan,57.27,225.79999999999995,16.0,3.799999999999784,4
121.36999999999999,Vienna,Prague,100.36999999999999,225.79999999999995,4.0,0.7999999999999545,1
246.68,Rotterdam,Milan,166.68,225.99999999999994,16.0,4.5999999999997385,4
155.89999999999998,Vienna,Prague,130.89999999999998,225.99999999999994,4.0,0.9999999999999432,1
282.79,Rotterdam,Milan,202.79000000000002,226.19999999999993,16.0,5.399999999999693,4
238.72999999999996,Vienna,Prague,220.72999999999996,226.19999999999993,4.0,1.1999999999999318,1
244.46999999999994,Vienna,Prague,230.46999999999994,247.79999999999995,4.0,0.7999999999999545,1
255.07999999999996,Vienna,Prague,225.07999999999996,247.99999999999994,4.0,0.9999999999999432,1
261.48999999999995,Vienna,Prague,242.48999999999995,248.19999999999993,4.0,1.1999999999999318,1
123.37,Lyon,Hamburg,40.37,262.1999999999998,16.0,3.599999999999625,4
133.92000000000002,Lyon,Hamburg,51.92,262.3999999999998,16.0,4.599999999999568,4
231.21,Lyon,Hamburg,154.21,262.5999999999998,16.0,4.199999999999591,4
294.4,Vienna,Prague,276.4,321.79999999999995,4.0,0.7999999999999545,1
295.17999999999995,Vienna,Prague,277.17999999999995,321.99999999999994,4.0,0.9999999999999432,1
334.46999999999997,Vienna,Prague,316.46999999999997,322.19999999999993,4.0,1.1999999999999318,1
323.32,Paris,Brussels,311.32,346.9999999999999,4.0,0.9999999999998863,1
321.81,Munich,Paris,268.81,350.79999999999995,9.0,0.7999999999999545,1
244.6,Paris,Vienna,193.6,350.79999999999995,14.0,1.599999999999909,2
370.09999999999997,Munich,Paris,340.09999999999997,350.99999999999994,9.0,0.9999999999999432,1
307.88,Paris,Vienna,233.88,350.99999999999994,14.0,1.9999999999998863,2
374.28,Munich,Paris,315.28,351.19999999999993,9.0,1.1999999999999318,1
421.7,Paris,Vienna,333.7,351.19999999999993,14.0,2.3999999999998636,2
310.92,Lyon,Hamburg,229.92000000000002,358.19999999999993,16.0,3.999999999999716,4
324.90000000000003,Lyon,Hamburg,240.90000000000003,358.3999999999999,16.0,4.79999999999967,4
340.79,Lyon,Hamburg,235.79000000000002,358.5999999999999,16.0,5.199999999999704,4
225.13,Berlin,Milan,154.13,376.79999999999995,14.0,2.3999999999998636,3
333.59,Berlin,Milan,247.58999999999997,376.99999999999994,14.0,2.9999999999998295,3
404.53,Berlin,Milan,357.53,377.19999999999993,14.0,3.5999999999997954,3
378.38,Vienna,Prague,352.38,380.79999999999995,4.0,0.7999999999999545,1
395.65,Vienna,Prague,364.65,380.99999999999994,4.0,0.9999999999999432,1
402.0,Vienna,Prague,376.0,381.19999999999993,4.0,1.1999999999999318,1
407.82,Paris,Brussels,382.82,413.79999999999995,4.0,0.7999999999999545,1
439.88,Paris,Brussels,408.88,413.99999999999994,4.0,0.9999999999999432,1
409.06,Vienna,Prague,383.06,423.79999999999995,4.0,0.7999999999999545,1
431.86,Vienna,Prague,403.86,423.99999999999994,4.0,0.9999999999999432,1
450.51,Vienna,Prague,418.51,424.19999999999993,4.0,1.1999999999999318,1
269.85,Rotterdam,Milan,204.85000000000002,432.99999999999994,16.0,2.9999999999998295,4
332.86,Rotterdam,Milan,243.86,433.19999999999993,16.0,3.799999999999784,4
406.74,Rotterdam,Milan,349.74,433.3999999999999,16.0,3.799999999999784,4
432.38,Paris,Vienna,365.38,460.19999999999993,14.0,1.9999999999998863,2
487.17,Paris,Vienna,407.17,460.3999999999999,14.0,2.3999999999998636,2
552.28,Paris,Vienna,442.28000000000003,460.5999999999999,14.0,2.799999999999841,2
421.78,Munich,Paris,381.78,463.59999999999997,9.0,0.5999999999999659,1
482.55999999999995,Munich,Paris,434.55999999999995,463.79999999999995,9.0,0.7999999999999545,1
479.6,Vienna,Prague,455.6,487.79999999999995,4.0,0.7999999999999545,1
490.8,Vienna,Prague,459.8,487.99999999999994,4.0,0.9999999999999432,1
503.13,Vienna,Prague,482.13,488.19999999999993,4.0,1.1999999999999318,1
443.65,Paris,Brussels,430.65,493.9999999999999,4.0,0.9999999999998863,1
367.06000000000006,Lyon,Hamburg,300.06000000000006,503.9999999999999,16.0,4.399999999999636,4
421.52000000000004,Lyon,Hamburg,320.52000000000004,504.1999999999999,16.0,5.199999999999591,4
460.06000000000006,Lyon,Hamburg,335.06000000000006,504.39999999999986,16.0,4.599999999999682,4
545.9699999999999,Munich,Paris,486.9699999999999,569.0000000000005,9.0,1.0000000000004547,1
603.5799999999999,Munich,Paris,558.5799999999999,569.2000000000005,9.0,1.2000000000005002,1
626.0099999999999,Munich,Paris,555.0099999999999,569.4000000000005,9.0,1.4000000000005457,1
528.48,Vienna,Prague,508.48,573.8000000000002,4.0,0.8000000000001819,1
574.52,Vienna,Prague,562.52,574.0000000000002,4.0,1.0000000000002274,1
591.51,Vienna,Prague,568.51,574.2000000000003,4.0,1.2000000000002728,1
469.82000000000005,Lyon,Hamburg,386.82000000000005,584.0000000000002,16.0,3.6000000000000227,4
494.23,Lyon,Hamburg,446.23,584.2000000000003,16.0,4.600000000000023,4
544.74,Lyon,Hamburg,460.74,584.4000000000003,16.0,4.400000000000944,4
606.34,Vienna,Prague,578.34,601.8000000000002,4.0,0.8000000000001819,1
611.5699999999999,Vienna,Prague,596.5699999999999,602.0000000000002,4.0,1.0000000000002274,1
618.65,Vienna,Prague,591.65,602.2000000000003,4.0,1.2000000000002728,1
649.65,Paris,Brussels,624.65,630.2000000000003,4.0,1.2000000000002728,1
524.73,Paris,Vienna,455.73,637.0000000000005,14.0,1.6000000000005912,2
585.88,Paris,Vienna,504.88,637.2000000000005,14.0,2.000000000000682,2
696.26,Paris,Vienna,614.26,637.4000000000005,14.0,2.2000000000007276,2
594.06,Munich,Paris,564.06,641.6000000000001,9.0,0.6000000000001364,1
601.6099999999999,Munich,Paris,565.6099999999999,641.8000000000002,9.0,0.8000000000001819,1
697.16,Paris,Vienna,602.16,679.0000000000005,14.0,2.000000000000682,2
701.48,Paris,Vienna,629.48,679.2000000000005,14.0,2.000000000000682,2
729.74,Paris,Vienna,620.74,679.4000000000005,14.0,2.6000000000008185,2
691.2099999999999,Munich,Paris,645.2099999999999,683.6000000000001,9.0,0.6000000000001364,1
709.55,Munich,Paris,672.55,683.8000000000002,9.0,0.8000000000001819,1
681.74,Vienna,Prague,666.74,690.8000000000002,4.0,0.8000000000001819,1
686.8,Vienna,Prague,661.8,691.0000000000002,4.0,1.0000000000002274,1
717.24,Vienna,Prague,685.24,691.2000000000003,4.0,1.2000000000002728,1
678.12,Berlin,Milan,587.12,733.8000000000002,14.0,2.4000000000005457,3
720.01,Berlin,Milan,611.01,734.0000000000002,14.0,3.000000000000682,3
802.2,Berlin,Milan,714.2,734.2000000000003,14.0,3.6000000000008185,3
729.6099999999999,Munich,Paris,694.6099999999999,746.8000000000002,9.0,0.8000000000001819,1
733.2099999999999,Munich,Paris,677.2099999999999,747.0000000000002,9.0,1.0000000000002274,1
784.7799999999999,Munich,Paris,736.7799999999999,747.2000000000003,9.0,1.2000000000002728,1
720.75,Vienna,Prague,702.75,776.8000000000002,4.0,0.8000000000001819,1
757.23,Vienna,Prague,727.23,777.0000000000002,4.0,1.0000000000002274,1
788.35,Vienna,Prague,771.35,777.2000000000003,4.0,1.2000000000002728,1
812.8000000000001,Berlin,Milan,765.8000000000001,802.8000000000002,14.0,2.4000000000005457,3
850.61,Berlin,Milan,750.61,803.0000000000002,14.0,3.000000000000682,3
854.5600000000001,Berlin,Milan,783.5600000000001,803.2000000000003,14.0,3.6000000000008185,3
788.2599999999999,Munich,Paris,753.2599999999999,830.8000000000002,9.0,0.8000000000001819,1
827.3699999999999,Munich,Paris,792.3699999999999,831.0000000000002,9.0,1.0000000000002274,1
852.6999999999999,Munich,Paris,820.6999999999999,831.2000000000003,9.0,1.2000000000002728,1
752.01,Paris,Vienna,656.01,847.8000000000002,14.0,1.8000000000004093,2
759.34,Paris,Vienna,662.34,848.0000000000002,14.0,2.2000000000005002,2
880.88,Paris,Vienna,818.88,848.2000000000003,14.0,1.6000000000003638,2
733.48,Paris,Brussels,702.48,854.8000000000002,4.0,0.8000000000001819,1
748.65,Paris,Brussels,726.65,855.0000000000002,4.0,1.0000000000002274,1
877.5799999999999,Paris,Brussels,849.5799999999999,855.2000000000003,4.0,1.2000000000002728,1
453.89,Rotterdam,Milan,347.89,866.8000000000002,16.0,2.800000000000068,4
498.5,Rotterdam,Milan,379.5,867.0000000000002,16.0,2.400000000000432,4
606.64,Rotterdam,Milan,504.64,867.2000000000003,16.0,2.8000000000006366,4
567.99,Lyon,Hamburg,482.99,870.0000000000005,16.0,4.60000000000116,4
614.95,Lyon,Hamburg,555.95,870.2000000000005,16.0,4.800000000001546,4
623.9300000000001,Lyon,Hamburg,507.93,870.4000000000005,16.0,4.000000000001137,4
809.94,Vienna,Prague,781.94,880.8000000000002,4.0,0.8000000000001819,1
871.35,Vienna,Prague,843.35,881.0000000000002,4.0,1.0000000000002274,1
894.77,Vienna,Prague,875.77,881.2000000000003,4.0,1.2000000000002728,1
874.1999999999999,Paris,Brussels,860.1999999999999,891.8000000000002,4.0,0.8000000000001819,1
899.3799999999999,Paris,Brussels,874.3799999999999,892.0000000000002,4.0,1.0000000000002274,1
906.2199999999999,Paris,Brussels,886.2199999999999,892.2000000000003,4.0,1.2000000000002728,1
871.18,Munich,Paris,842.18,892.8000000000002,9.0,0.8000000000001819,1
922.39,Munich,Paris,868.39,893.0000000000002,9.0,1.0000000000002274,1
949.85,Munich,Paris,882.85,893.2000000000003,9.0,1.2000000000002728,1
949.13,Vienna,Prague,917.13,970.8000000000002,4.0,0.8000000000001819,1
970.28,Vienna,Prague,940.28,971.0000000000002,4.0,1.0000000000002274,1
993.0799999999999,Vienna,Prague,965.0799999999999,971.2000000000003,4.0,1.2000000000002728,1
887.8900000000001,Berlin,Milan,836.8900000000001,978.8000000000002,14.0,2.4000000000005457,3
974.0900000000001,Berlin,Milan,914.0900000000001,979.0000000000002,14.0,3.000000000000682,3
635.51,Lyon,Hamburg,561.51,979.0000000000005,16.0,4.200000000001182,4
1064.5100000000002,Berlin,Milan,959.5100000000001,979.2000000000003,14.0,3.6000000000008185,3
669.56,Lyon,Hamburg,585.56,979.2000000000005,16.0,4.400000000001228,4
806.6899999999999,Lyon,Hamburg,687.6899999999999,979.4000000000005,16.0,4.600000000001273,4
976.99,Munich,Paris,929.99,982.8000000000002,9.0,0.8000000000001819,1
999.01,Munich,Paris,952.01,983.0000000000002,9.0,1.0000000000002274,1
1036.94,Munich,Paris,972.9399999999999,983.2000000000003,9.0,1.2000000000002728,1
903.89,Paris,Vienna,860.89,999.8000000000002,14.0,1.4000000000003183,2
958.62,Paris,Vienna,907.62,1000.0000000000002,14.0,1.6000000000003638,2
958.79,Paris,Vienna,872.79,1000.2000000000003,14.0,2.0000000000004547,2
997.0799999999999,Vienna,Prague,969.0799999999999,1061.8000000000002,4.0,0.8000000000001819,1
999.8899999999999,Vienna,Prague,979.8899999999999,1062.0000000000002,4.0,1.0000000000002274,1
1080.78,Vienna,Prague,1056.78,1062.2000000000003,4.0,1.2000000000002728,1
1065.8700000000001,Berlin,Milan,963.8700000000001,1112.8000000000002,14.0,2.4000000000005457,3
1082.43,Berlin,Milan,1020.4300000000001,1113.0000000000002,14.0,3.000000000000682,3
1168.29,Berlin,Milan,1093.29,1113.2000000000003,14.0,3.6000000000008185,3
1027.4299999999998,Munich,Paris,998.43,1135.8000000000002,9.0,0.8000000000001819,1
1167.97,Munich,Paris,1104.97,1136.0000000000002,9.0,1.0000000000002274,1
1184.94,Munich,Paris,1125.94,1136.2000000000003,9.0,1.2000000000002728,1
1072.4099999999999,Paris,Brussels,1055.4099999999999,1149.8000000000002,4.0,0.8000000000001819,1
1095.8,Paris,Brussels,1082.8,1150.0000000000002,4.0,1.0000000000002274,1
1159.08,Paris,Brussels,1144.08,1150.2000000000003,4.0,1.2000000000002728,1
932.18,Lyon,Hamburg,847.18,1164.2000000000003,16.0,5.000000000001137,4
987.3699999999999,Lyon,Hamburg,895.3699999999999,1164.4000000000003,16.0,4.600000000001046,4
1033.0299999999997,Lyon,Hamburg,946.0299999999999,1164.6000000000004,16.0,5.000000000001364,4
1196.96,Berlin,Milan,1100.96,1201.8000000000002,14.0,2.4000000000005457,3
1215.0,Berlin,Milan,1116.0,1202.0000000000002,14.0,3.000000000000682,3
1292.92,Berlin,Milan,1182.92,1202.2000000000003,14.0,3.6000000000008185,3
1194.21,Vienna,Prague,1170.21,1204.8000000000002,4.0,0.8000000000001819,1
1215.8,Vienna,Prague,1199.8,1205.0000000000002,4.0,1.0000000000002274,1
1229.0,Vienna,Prague,1200.0,1205.2000000000003,4.0,1.2000000000002728,1
993.64,Paris,Vienna,929.64,1212.0000000000005,14.0,1.8000000000006366,2
1122.33,Paris,Vienna,1024.33,1212.2000000000005,14.0,1.6000000000005912,2
1244.09,Paris,Vienna,1195.09,1212.4000000000005,14.0,2.2000000000007276,2
1266.1599999999999,Munich,Paris,1223.1599999999999,1233.8000000000002,9.0,0.8000000000001819,1
1271.72,Munich,Paris,1210.72,1234.0000000000002,9.0,1.0000000000002274,1
1281.55,Munich,Paris,1222.55,1234.2000000000003,9.0,1.2000000000002728,1
1257.01,Paris,Vienna,1211.01,1250.8000000000002,14.0,1.4000000000003183,2
1265.3999999999999,Paris,Vienna,1158.3999999999999,1251.0000000000002,14.0,2.0000000000004547,2
1270.54,Paris,Vienna,1217.54,1251.2000000000003,14.0,2.0000000000004547,2
1273.9299999999998,Munich,Paris,1232.9299999999998,1264.8000000000002,9.0,0.8000000000001819,1
1275.57,Munich,Paris,1229.57,1265.0000000000002,9.0,1.0000000000002274,1
1297.7899999999997,Munich,Paris,1254.7899999999997,1265.2000000000003,9.0,1.2000000000002728,1
1192.98,Paris,Brussels,1160.98,1288.8000000000002,4.0,0.8000000000001819,1
1243.74,Paris,Brussels,1224.74,1289.0000000000002,4.0,1.0000000000002274,1
1315.69,Paris,Brussels,1283.69,1289.2000000000003,4.0,1.2000000000002728,1
1219.79,Vienna,Prague,1201.79,1290.8000000000002,4.0,0.8000000000001819,1
1251.74,Vienna,Prague,1237.74,1291.0000000000002,4.0,1.0000000000002274,1
1297.9,Vienna,Prague,1285.9,1291.2000000000003,4.0,1.2000000000002728,1
681.95,Rotterdam,Milan,622.95,1307.0000000000005,16.0,2.800000000000864,4
836.0,Rotterdam,Milan,779.0,1307.2000000000005,16.0,3.600000000001046,4
1008.55,Rotterdam,Milan,905.55,1307.4000000000005,16.0,3.4000000000010004,4
1022.5799999999999,Rotterdam,Milan,918.5799999999999,1310.8000000000002,16.0,3.400000000000773,4
1066.34,Rotterdam,Milan,1012.3399999999999,1311.0000000000002,16.0,3.400000000000773,4
1185.1599999999999,Rotterdam,Milan,1127.1599999999999,1311.2000000000003,16.0,3.2000000000007276,4
1072.56,Lyon,Hamburg,956.5599999999998,1314.0000000000005,16.0,5.000000000001592,4
1138.36,Lyon,Hamburg,1054.36,1314.2000000000005,16.0,4.20000000000141,4
1173.4599999999998,Lyon,Hamburg,1073.4599999999998,1314.4000000000005,16.0,4.200000000001182,4
1234.36,Lyon,Hamburg,1141.36,1316.8000000000002,16.0,4.200000000000955,4
1298.9299999999998,Lyon,Hamburg,1195.9299999999998,1317.0000000000002,16.0,4.0000000000009095,4
1308.35,Lyon,Hamburg,1228.35,1317.2000000000003,16.0,4.0000000000009095,4
1273.9199999999998,Paris,Vienna,1172.9199999999998,1326.0000000000005,14.0,2.2000000000007276,2
1328.7,Paris,Vienna,1259.7,1326.2000000000005,14.0,1.6000000000005912,2
1362.8799999999999,Paris,Vienna,1309.8799999999999,1326.4000000000005,14.0,2.2000000000007276,2
1363.4199999999998,Rotterdam,Milan,1289.4199999999998,1326.8000000000002,16.0,3.6000000000008185,4
1375.3199999999997,Rotterdam,Milan,1303.3199999999997,1327.0000000000002,16.0,4.4000000000010004,4
1393.4699999999998,Rotterdam,Milan,1301.4699999999998,1327.2000000000003,16.0,5.200000000001182,4
1342.9599999999998,Munich,Paris,1288.9599999999998,1330.4,9.0,0.40000000000009095,1
1271.6100000000001,Berlin,Milan,1220.6100000000001,1349.8000000000002,14.0,2.4000000000005457,3
1290.1100000000001,Berlin,Milan,1201.1100000000001,1350.0000000000002,14.0,3.000000000000682,3
1406.44,Berlin,Milan,1330.44,1350.2000000000003,14.0,3.6000000000008185,3
1369.93,Vienna,Prague,1345.93,1386.8000000000002,4.0,0.8000000000001819,1
1394.5700000000002,Vienna,Prague,1368.5700000000002,1387.0000000000002,4.0,1.0000000000002274,1
1413.94,Vienna,Prague,1381.94,1387.2000000000003,4.0,1.2000000000002728,1
1404.3500000000001,Vienna,Prague,1391.3500000000001,1421.8000000000002,4.0,0.8000000000001819,1
1428.63,Vienna,Prague,1414.63,1422.0000000000002,4.0,1.0000000000002274,1
1429.0900000000001,Vienna,Prague,1416.0900000000001,1422.2000000000003,4.0,1.2000000000002728,1
1472.7900000000002,Vienna,Prague,1441.7900000000002,1455.4000000000003,4.0,1.4000000000003183,1
1476.9200000000003,Vienna,Prague,1447.9200000000003,1455.6000000000004,4.0,1.6000000000003638,1
1479.1200000000003,Vienna,Prague,1449.1200000000003,1455.8000000000004,4.0,1.8000000000004093,1
1426.0099999999998,Munich,Paris,1375.0099999999998,1459.8000000000002,9.0,0.8000000000001819,1
1441.4599999999998,Munich,Paris,1397.4599999999998,1460.0000000000002,9.0,1.0000000000002274,1
1477.7199999999998,Munich,Paris,1449.7199999999998,1460.2000000000003,9.0,1.2000000000002728,1
1488.93,Berlin,Milan,1402.93,1468.8000000000002,14.0,2.4000000000005457,3
1505.01,Berlin,Milan,1418.01,1469.0000000000002,14.0,3.000000000000682,3
1528.25,Berlin,Milan,1449.25,1469.2000000000003,14.0,3.6000000000008185,3
1379.52,Paris,Vienna,1309.52,1476.8000000000002,14.0,1.8000000000004093,2
1397.75,Paris,Vienna,1295.75,1477.0000000000002,14.0,2.2000000000005002,2
1500.7099999999998,Paris,Vienna,1396.7099999999998,1477.2000000000003,14.0,1.8000000000004093,2
1422.0399999999997,Rotterdam,Milan,1354.0399999999997,1481.2000000000003,16.0,3.6000000000008185,4
1498.4099999999999,Rotterdam,Milan,1431.4099999999999,1481.4000000000003,16.0,4.4000000000010004,4
1531.8799999999999,Rotterdam,Milan,1457.8799999999999,1481.6000000000004,16.0,5.200000000001182,4
1512.1699999999998,Paris,Vienna,1451.1699999999998,1512.2000000000003,14.0,2.0000000000004547,2
1557.7799999999997,Paris,Vienna,1480.7799999999997,1512.4000000000003,14.0,2.2000000000005002,2
1577.5599999999997,Paris,Vienna,1487.5599999999997,1512.6000000000004,14.0,2.600000000000591,2
1531.37,Munich,Paris,1488.37,1515.6000000000001,9.0,0.6000000000001364,1
1570.62,Munich,Paris,1502.62,1515.8000000000002,9.0,0.8000000000001819,1
1533.98,Paris,Brussels,1521.98,1527.2000000000003,4.0,1.2000000000002728,1
1583.77,Munich,Paris,1541.77,1562.8000000000002,9.0,0.8000000000001819,1
1591.66,Munich,Paris,1552.66,1563.0000000000002,9.0,1.0000000000002274,1
1607.42,Munich,Paris,1543.42,1563.2000000000003,9.0,1.2000000000002728,1
1507.5000000000005,Vienna,Prague,1485.5000000000005,1563.8000000000002,4.0,0.8000000000001819,1
1544.1200000000003,Vienna,Prague,1512.1200000000003,1564.0000000000002,4.0,1.0000000000002274,1
1590.9500000000003,Vienna,Prague,1558.9500000000003,1564.2000000000003,4.0,1.2000000000002728,1
1345.09,Lyon,Hamburg,1291.09,1572.2000000000003,16.0,4.600000000001046,4
1406.61,Lyon,Hamburg,1346.61,1572.4000000000003,16.0,3.8000000000010914,4
1499.35,Lyon,Hamburg,1431.35,1572.6000000000004,16.0,4.600000000001273,4
1605.6000000000004,Vienna,Prague,1593.6000000000004,1607.8000000000002,4.0,0.8000000000001819,1
1616.4800000000005,Vienna,Prague,1601.4800000000005,1608.0000000000002,4.0,1.0000000000002274,1
1623.6800000000005,Vienna,Prague,1602.6800000000005,1608.2000000000003,4.0,1.2000000000002728,1
1622.0700000000006,Vienna,Prague,1604.0700000000006,1627.8000000000002,4.0,0.8000000000001819,1
1644.4500000000005,Vienna,Prague,1622.4500000000005,1628.0000000000002,4.0,1.0000000000002274,1
1649.8900000000006,Vienna,Prague,1621.8900000000006,1628.2000000000003,4.0,1.2000000000002728,1
1645.63,Munich,Paris,1577.63,1647.8000000000002,9.0,0.8000000000001819,1
1646.92,Munich,Paris,1596.92,1648.0000000000002,9.0,1.0000000000002274,1
1705.72,Munich,Paris,1637.72,1648.2000000000003,9.0,1.2000000000002728,1
1596.3299999999997,Paris,Vienna,1522.3299999999997,1664.8000000000002,14.0,1.2000000000002728,2
1605.5599999999997,Paris,Vienna,1494.5599999999997,1665.0000000000002,14.0,2.2000000000005002,2
1627.8399999999997,Paris,Vienna,1566.8399999999997,1665.2000000000003,14.0,1.6000000000003638,2
1634.18,Paris,Brussels,1617.18,1676.0000000000005,4.0,1.0000000000004547,1
1665.77,Paris,Brussels,1642.77,1676.4000000000005,4.0,1.4000000000005457,1
1548.98,Lyon,Hamburg,1475.98,1687.2000000000003,16.0,4.200000000001182,4
1554.59,Lyon,Hamburg,1505.59,1687.4000000000003,16.0,4.600000000001046,4
1639.4599999999998,Lyon,Hamburg,1573.4599999999998,1687.6000000000004,16.0,5.000000000001364,4
1666.8200000000004,Vienna,Prague,1636.8200000000004,1691.8000000000002,4.0,0.8000000000001819,1
1685.4800000000005,Vienna,Prague,1656.4800000000005,1692.0000000000002,4.0,1.0000000000002274,1
1698.3600000000006,Vienna,Prague,1686.3600000000006,1692.2000000000003,4.0,1.2000000000002728,1
1710.4,Munich,Paris,1659.4,1697.8000000000002,9.0,0.8000000000001819,1
1718.68,Munich,Paris,1647.68,1698.0000000000002,9.0,1.0000000000002274,1
1705.49,Paris,Brussels,1692.49,1698.0000000000002,4.0,1.0000000000002274,1
1747.44,Munich,Paris,1687.44,1698.2000000000003,9.0,1.2000000000002728,1
1574.57,Rotterdam,Milan,1522.57,1716.8000000000002,16.0,2.8000000000006366,4
1606.1399999999999,Rotterdam,Milan,1541.1399999999999,1717.0000000000002,16.0,3.6000000000008185,4
1732.56,Rotterdam,Milan,1658.56,1717.2000000000003,16.0,3.6000000000008185,4
1611.1,Berlin,Milan,1517.1,1731.8000000000002,14.0,2.4000000000005457,3
1686.9499999999998,Berlin,Milan,1640.9499999999998,1732.0000000000002,14.0,3.000000000000682,3
1811.6299999999999,Berlin,Milan,1712.6299999999999,1732.2000000000003,14.0,3.6000000000008185,3
1722.3200000000006,Vienna,Prague,1701.3200000000006,1755.8000000000002,4.0,0.8000000000001819,1
1738.2000000000007,Vienna,Prague,1721.2000000000007,1756.0000000000002,4.0,1.0000000000002274,1
1762.2800000000007,Vienna,Prague,1750.2800000000007,1756.2000000000003,4.0,1.2000000000002728,1
1804.68,Munich,Paris,1764.68,1776.8000000000002,9.0,0.8000000000001819,1
1820.94,Munich,Paris,1751.94,1777.0000000000002,9.0,1.0000000000002274,1
1821.25,Munich,Paris,1766.25,1777.2000000000003,9.0,1.2000000000002728,1
1807.3899999999999,Berlin,Milan,1713.3899999999999,1778.8000000000002,14.0,2.4000000000005457,3
1820.6699999999998,Berlin,Milan,1759.6699999999998,1779.0000000000002,14.0,3.000000000000682,3
1833.32,Berlin,Milan,1738.32,1779.2000000000003,14.0,3.6000000000008185,3
1778.3699999999997,Paris,Vienna,1709.3699999999997,1786.8000000000002,14.0,1.6000000000003638,2
1854.5099999999998,Paris,Vienna,1748.5099999999998,1787.0000000000002,14.0,2.0000000000004547,2
1879.2899999999997,Paris,Vienna,1769.2899999999997,1787.2000000000003,14.0,2.4000000000005457,2
1643.59,Lyon,Hamburg,1549.59,1800.8000000000002,16.0,4.800000000001091,4
1695.0699999999997,Lyon,Hamburg,1579.0699999999997,1801.0000000000002,16.0,3.6000000000008185,4
1746.0099999999998,Lyon,Hamburg,1664.0099999999998,1801.2000000000003,16.0,4.600000000001046,4
1805.8800000000006,Vienna,Prague,1791.8800000000006,1838.8000000000002,4.0,0.8000000000001819,1
1836.0800000000006,Vienna,Prague,1822.0800000000006,1839.0000000000002,4.0,1.0000000000002274,1
1851.5000000000007,Vienna,Prague,1833.5000000000007,1839.2000000000003,4.0,1.2000000000002728,1
1834.6799999999998,Paris,Vienna,1771.6799999999998,1868.0000000000002,14.0,1.4000000000003183,2
1876.7299999999998,Paris,Vienna,1796.7299999999998,1868.2000000000003,14.0,2.0000000000004547,2
1900.2599999999998,Paris,Vienna,1850.2599999999998,1868.4000000000003,14.0,2.4000000000005457,2
1866.57,Munich,Paris,1830.57,1871.4,9.0,0.40000000000009095,1
1910.4999999999998,Paris,Vienna,1859.4999999999998,1891.8000000000002,14.0,1.6000000000003638,2
1921.8299999999997,Paris,Vienna,1874.8299999999997,1892.0000000000002,14.0,2.0000000000004547,2
1927.4499999999998,Paris,Vienna,1846.4499999999998,1892.2000000000003,14.0,2.4000000000005457,2
1902.29,Berlin,Milan,1860.29,1896.8000000000002,14.0,2.4000000000005457,3
1904.31,Berlin,Milan,1834.31,1897.0000000000002,14.0,3.000000000000682,3
1958.8,Berlin,Milan,1877.8,1897.2000000000003,14.0,3.6000000000008185,3
1893.5600000000006,Vienna,Prague,1871.5600000000006,1904.8000000000002,4.0,0.8000000000001819,1
1900.4000000000005,Vienna,Prague,1873.4000000000005,1905.0000000000002,4.0,1.0000000000002274,1
1911.6100000000006,Vienna,Prague,1899.6100000000006,1905.2000000000003,4.0,1.2000000000002728,1
1943.2900000000006,Vienna,Prague,1920.2900000000006,1953.8000000000002,4.0,0.8000000000001819,1
1957.0200000000007,Vienna,Prague,1944.0200000000007,1954.0000000000002,4.0,1.0000000000002274,1
1964.2300000000007,Vienna,Prague,1948.2300000000007,1954.2000000000003,4.0,1.2000000000002728,1
1954.0699999999997,Paris,Vienna,1902.0699999999997,1967.0000000000002,14.0,1.8000000000004093,2
1957.4899999999998,Paris,Vienna,1855.4899999999998,1967.2000000000003,14.0,2.4000000000005457,2
2019.4999999999995,Paris,Vienna,1949.4999999999995,1967.4000000000003,14.0,2.4000000000005457,2
1996.1799999999998,Munich,Paris,1925.1799999999998,1970.4,9.0,0.40000000000009095,1
1823.6499999999999,Lyon,Hamburg,1759.6499999999999,1992.2000000000003,16.0,4.200000000000955,4
1858.4699999999998,Lyon,Hamburg,1777.4699999999998,1992.4000000000003,16.0,4.600000000001273,4
1862.4499999999998,Lyon,Hamburg,1769.4499999999998,1992.6000000000004,16.0,5.400000000001455,4
1971.97,Berlin,Milan,1892.97,1999.8000000000002,14.0,2.4000000000005457,3
1996.44,Berlin,Milan,1922.44,2000.0000000000002,14.0,3.000000000000682,3
2031.03,Berlin,Milan,1980.03,2000.2000000000003,14.0,3.6000000000008185,3
2037.6399999999996,Paris,Vienna,1932.6399999999996,2015.8000000000002,14.0,2.0000000000004547,2
2051.49,Paris,Vienna,1950.4899999999996,2016.0000000000002,14.0,1.8000000000004093,2
2051.66,Paris,Vienna,1998.6599999999996,2016.2000000000003,14.0,2.2000000000005002,2
2012.6100000000008,Vienna,Prague,1998.6100000000008,2018.8000000000002,4.0,0.8000000000001819,1
2033.1700000000008,Vienna,Prague,2003.1700000000008,2019.0000000000002,4.0,1.0000000000002274,1
2043.9900000000007,Vienna,Prague,2013.9900000000007,2019.2000000000003,4.0,1.2000000000002728,1
2087.04,Munich,Paris,2034.0399999999997,2075.7999999999993,9.0,0.7999999999992724,1
2087.37,Munich,Paris,2045.3699999999997,2075.999999999999,9.0,0.9999999999990905,1
2092.4399999999996,Munich,Paris,2065.4399999999996,2076.199999999999,9.0,1.1999999999989086,1
2066.5299999999997,Paris,Vienna,1955.5299999999995,2088.999999999998,14.0,2.199999999998454,2
2068.87,Paris,Vienna,2023.8699999999997,2089.199999999998,14.0,1.9999999999972715,2
2112.5999999999995,Paris,Vienna,2024.5999999999997,2089.399999999998,14.0,2.3999999999969077,2
2004.13,Paris,Brussels,1983.13,2110.999999999998,4.0,0.999999999998181,1
2090.1400000000003,Paris,Brussels,2069.1400000000003,2111.199999999998,4.0,1.1999999999979991,1
2142.3700000000003,Paris,Brussels,2112.3700000000003,2117.7999999999993,4.0,0.7999999999992724,1
1944.2599999999998,Lyon,Hamburg,1819.2599999999998,2122.199999999999,16.0,4.199999999999818,4
2002.0999999999997,Lyon,Hamburg,1916.0999999999997,2122.3999999999987,16.0,4.59999999999809,4
2039.0299999999997,Lyon,Hamburg,1969.0299999999997,2122.5999999999985,16.0,5.399999999997817,4
1764.26,Rotterdam,Milan,1660.26,2135.999999999998,16.0,2.9999999999986358,4
1869.47,Rotterdam,Milan,1799.47,2136.199999999998,16.0,3.1999999999968622,4
2075.9,Rotterdam,Milan,1969.9,2136.399999999998,16.0,3.999999999996362,4
2083.0700000000006,Vienna,Prague,2063.0700000000006,2140.7999999999993,4.0,0.7999999999992724,1
2101.2400000000007,Vienna,Prague,2069.2400000000007,2140.999999999999,4.0,0.9999999999990905,1
2161.1500000000005,Vienna,Prague,2135.1500000000005,2141.199999999999,4.0,1.1999999999989086,1
2137.1699999999996,Paris,Vienna,2072.1699999999996,2168.999999999998,14.0,2.1999999999970896,2
2157.1199999999994,Paris,Vienna,2094.1199999999994,2169.199999999998,14.0,1.9999999999972715,2
2198.2399999999993,Paris,Vienna,2152.2399999999993,2169.399999999998,14.0,2.3999999999969077,2
2148.9999999999995,Munich,Paris,2094.9999999999995,2173.5999999999995,9.0,0.5999999999994543,1
2191.4699999999993,Munich,Paris,2149.4699999999993,2173.7999999999993,9.0,0.7999999999992724,1
2199.2800000000007,Vienna,Prague,2170.2800000000007,2209.7999999999993,4.0,0.7999999999992724,1
2223.4800000000005,Vienna,Prague,2199.4800000000005,2209.999999999999,4.0,0.9999999999990905,1
2228.7300000000005,Vienna,Prague,2204.7300000000005,2210.199999999999,4.0,1.1999999999989086,1
2134.18,Lyon,Hamburg,2007.1799999999998,2252.7999999999993,16.0,4.599999999994907,4
2148.3599999999997,Lyon,Hamburg,2048.3599999999997,2252.999999999999,16.0,3.599999999996726,4
2223.7999999999997,Lyon,Hamburg,2099.7999999999997,2253.199999999999,16.0,4.399999999995998,4
2241.7699999999995,Paris,Vienna,2170.7699999999995,2253.999999999998,14.0,1.7999999999974534,2
2252.0299999999993,Paris,Vienna,2146.0299999999993,2254.199999999998,14.0,2.3999999999969077,2
2287.8299999999995,Paris,Vienna,2200.8299999999995,2254.399999999998,14.0,2.3999999999969077,2
2257.51,Paris,Brussels,2242.51,2254.7999999999993,4.0,0.7999999999992724,1
2126.92,Rotterdam,Milan,2001.92,2262.7999999999993,16.0,3.1999999999970896,4
2176.31,Rotterdam,Milan,2082.31,2262.999999999999,16.0,3.799999999996544,4
2233.5,Rotterdam,Milan,2122.5,2263.199999999999,16.0,4.599999999995816,4
2219.2400000000007,Vienna,Prague,2205.2400000000007,2275.7999999999993,4.0,0.7999999999992724,1
2278.000000000001,Vienna,Prague,2258.000000000001,2275.999999999999,4.0,0.9999999999990905,1
2285.060000000001,Vienna,Prague,2270.060000000001,2276.199999999999,4.0,1.1999999999989086,1
2327.0099999999998,Paris,Vienna,2249.0099999999998,2292.999999999998,14.0,1.7999999999974534,2
2337.5399999999995,Paris,Vienna,2276.5399999999995,2293.199999999998,14.0,2.1999999999970896,2
2340.3799999999997,Paris,Vienna,2237.3799999999997,2293.399999999998,14.0,2.599999999996726,2
2304.149999999999,Munich,Paris,2260.149999999999,2297.3999999999996,9.0,0.3999999999996362,1
2222.46,Berlin,Milan,2133.46,2315.7999999999993,14.0,2.399999999997817,3
2319.33,Berlin,Milan,2275.33,2315.999999999999,14.0,2.9999999999972715,3
2398.16,Berlin,Milan,2296.16,2316.199999999999,14.0,3.599999999996726,3
2296.090000000001,Vienna,Prague,2283.090000000001,2332.7999999999993,4.0,0.7999999999992724,1
2342.780000000001,Vienna,Prague,2317.780000000001,2332.999999999999,4.0,0.9999999999990905,1
2355.180000000001,Vienna,Prague,2327.180000000001,2333.199999999999,4.0,1.1999999999989086,1
2176.0299999999997,Lyon,Hamburg,2124.0299999999997,2353.7999999999993,16.0,2.5999999999976353,4
2331.8199999999997,Lyon,Hamburg,2263.8199999999997,2353.999999999999,16.0,3.799999999996544,4
2339.97,Lyon,Hamburg,2282.97,2354.199999999999,16.0,4.599999999995816,4
2374.490000000001,Vienna,Prague,2344.490000000001,2400.7999999999993,4.0,0.7999999999992724,1
2390.150000000001,Vienna,Prague,2362.150000000001,2400.999999999999,4.0,0.9999999999990905,1
2418.760000000001,Vienna,Prague,2395.760000000001,2401.199999999999,4.0,1.1999999999989086,1
2380.7599999999993,Munich,Paris,2332.7599999999993,2423.7999999999993,9.0,0.7999999999992724,1
2419.5099999999993,Munich,Paris,2379.5099999999993,2423.999999999999,9.0,0.9999999999990905,1
2442.879999999999,Munich,Paris,2413.879999999999,2424.199999999999,9.0,1.1999999999989086,1
2359.1499999999996,Paris,Vienna,2262.1499999999996,2432.999999999998,14.0,2.1999999999970896,2
2439.8099999999995,Paris,Vienna,2390.8099999999995,2433.199999999998,14.0,1.9999999999972715,2
2472.6499999999996,Paris,Vienna,2416.6499999999996,2433.399999999998,14.0,2.3999999999969077,2
2442.2200000000003,Paris,Brussels,2410.2200000000003,2468.199999999998,4.0,1.1999999999979991,1
2448.82,Paris,Brussels,2435.82,2468.399999999998,4.0,1.3999999999978172,1
2434.990000000001,Vienna,Prague,2409.990000000001,2474.7999999999993,4.0,0.7999999999992724,1
2456.130000000001,Vienna,Prague,2434.130000000001,2474.999999999999,4.0,0.9999999999990905,1
2492.370000000001,Vienna,Prague,2469.370000000001,2475.199999999999,4.0,1.1999999999989086,1
2512.2699999999995,Paris,Vienna,2401.2699999999995,2485.999999999998,14.0,2.1999999999970896,2
2533.1499999999996,Paris,Vienna,2432.1499999999996,2486.199999999998,14.0,1.9999999999972715,2
2545.1099999999997,Paris,Vienna,2441.1099999999997,2486.399999999998,14.0,2.3999999999969077,2
2516.28,Paris,Brussels,2490.28,2495.999999999999,4.0,0.9999999999990905,1
2499.5500000000006,Vienna,Prague,2487.5500000000006,2503.7999999999993,4.0,0.7999999999992724,1
2513.390000000001,Vienna,Prague,2492.390000000001,2503.999999999999,4.0,0.9999999999990905,1
2520.100000000001,Vienna,Prague,2498.100000000001,2504.199999999999,4.0,1.1999999999989086,1
2435.02,Lyon,Hamburg,2338.02,2506.199999999999,16.0,3.999999999994543,4
2446.79,Lyon,Hamburg,2330.79,2506.3999999999987,16.0,5.199999999994361,4
2459.47,Lyon,Hamburg,2396.47,2506.5999999999985,16.0,4.799999999994725,4
2481.97,Berlin,Milan,2380.97,2518.7999999999993,14.0,2.399999999997817,3
2548.0499999999997,Berlin,Milan,2499.0499999999997,2518.999999999999,14.0,2.9999999999972715,3
2556.5699999999997,Berlin,Milan,2494.5699999999997,2519.199999999999,14.0,3.599999999996726,3
2516.230000000001,Vienna,Prague,2500.230000000001,2534.7999999999993,4.0,0.7999999999992724,1
2547.360000000001,Vienna,Prague,2521.360000000001,2534.999999999999,4.0,0.9999999999990905,1
2558.080000000001,Vienna,Prague,2529.080000000001,2535.199999999999,4.0,1.1999999999989086,1
2538.859999999999,Munich,Paris,2493.859999999999,2536.7999999999993,9.0,0.7999999999992724,1
2550.079999999999,Munich,Paris,2521.079999999999,2536.999999999999,9.0,0.9999999999990905,1
2562.869999999999,Munich,Paris,2526.869999999999,2537.199999999999,9.0,1.1999999999989086,1
2563.380000000001,Vienna,Prague,2548.380000000001,2574.7999999999993,4.0,0.7999999999992724,1
2581.860000000001,Vienna,Prague,2567.860000000001,2574.999999999999,4.0,0.9999999999990905,1
2585.860000000001,Vienna,Prague,2569.860000000001,2575.199999999999,4.0,1.1999999999989086,1
2520.1,Lyon,Hamburg,2456.1,2588.999999999999,16.0,4.399999999995089,4
2584.19,Lyon,Hamburg,2480.19,2589.199999999999,16.0,3.9999999999954525,4
2621.9,Lyon,Hamburg,2566.9,2589.3999999999987,16.0,4.799999999994725,4
2550.3599999999997,Paris,Vienna,2469.3599999999997,2617.999999999998,14.0,2.1999999999970896,2
2584.97,Paris,Vienna,2530.97,2618.199999999998,14.0,1.5999999999976353,2
2682.3199999999997,Paris,Vienna,2600.3199999999997,2618.399999999998,14.0,2.1999999999970896,2
2570.699999999999,Munich,Paris,2536.699999999999,2622.5999999999995,9.0,0.5999999999994543,1
2653.4199999999987,Munich,Paris,2587.4199999999987,2622.7999999999993,9.0,0.7999999999992724,1
2595.2,Berlin,Milan,2499.2,2630.7999999999993,14.0,2.399999999997817,3
2648.41,Berlin,Milan,2541.41,2630.999999999999,14.0,2.9999999999972715,3
2672.6299999999997,Berlin,Milan,2611.6299999999997,2631.199999999999,14.0,3.599999999996726,3
2591.550000000001,Vienna,Prague,2579.550000000001,2639.7999999999993,4.0,0.7999999999992724,1
2599.220000000001,Vienna,Prague,2578.220000000001,2639.999999999999,4.0,0.9999999999990905,1
2661.450000000001,Vienna,Prague,2634.450000000001,2640.199999999999,4.0,1.1999999999989086,1
2610.03,Paris,Brussels,2597.03,2708.999999999998,4.0,0.999999999998181,1
2652.8,Paris,Brussels,2627.8,2709.199999999998,4.0,1.1999999999979991,1
2290.67,Rotterdam,Milan,2206.67,2716.7999999999993,16.0,4.799999999995634,4
2362.7400000000002,Rotterdam,Milan,2239.7400000000002,2716.999999999999,16.0,4.19999999999618,4
2422.8300000000004,Rotterdam,Milan,2357.8300000000004,2717.199999999999,16.0,2.9999999999972715,4
2519.7000000000003,Rotterdam,Milan,2407.7000000000003,2780.199999999999,16.0,3.599999999996726,4
2653.6600000000003,Rotterdam,Milan,2559.6600000000003,2780.3999999999987,16.0,3.3999999999969077,4
2693.01,Rotterdam,Milan,2604.01,2780.5999999999985,16.0,4.9999999999954525,4
2667.0200000000013,Vienna,Prague,2638.0200000000013,2789.7999999999993,4.0,0.7999999999992724,1
2700.8999999999996,Paris,Vienna,2601.8999999999996,2789.999999999998,14.0,1.9999999999972715,2
2676.5700000000015,Vienna,Prague,2655.5700000000015,2789.999999999999,4.0,0.9999999999990905,1
2704.16,Paris,Vienna,2594.16,2790.199999999998,14.0,2.3999999999969077,2
2798.5700000000015,Vienna,Prague,2784.5700000000015,2790.199999999999,4.0,1.1999999999989086,1
2732.0999999999995,Paris,Vienna,2665.0999999999995,2790.399999999998,14.0,2.1999999999970896,2
2717.589999999999,Munich,Paris,2689.589999999999,2794.5999999999995,9.0,0.5999999999994543,1
2810.3599999999988,Munich,Paris,2773.3599999999988,2794.7999999999993,9.0,0.7999999999992724,1
2676.06,Berlin,Milan,2627.06,2797.7999999999993,14.0,2.399999999997817,3
2710.47,Berlin,Milan,2613.47,2797.999999999999,14.0,2.9999999999972715,3
2822.77,Berlin,Milan,2778.77,2798.199999999999,14.0,3.599999999996726,3
2824.3400000000015,Vienna,Prague,2801.3400000000015,2807.7999999999993,4.0,0.7999999999992724,1
2824.9300000000017,Vienna,Prague,2796.9300000000017,2807.999999999999,4.0,0.9999999999990905,1
2830.4600000000014,Vienna,Prague,2802.4600000000014,2808.199999999999,4.0,1.1999999999989086,1
2886.02,Berlin,Milan,2796.02,2840.7999999999993,14.0,2.399999999997817,3
2897.65,Berlin,Milan,2817.65,2840.999999999999,14.0,2.9999999999972715,3
2914.42,Berlin,Milan,2821.42,2841.199999999999,14.0,3.599999999996726,3
2859.09,Paris,Brussels,2836.09,2842.199999999999,4.0,1.1999999999989086,1
2663.3,Lyon,Hamburg,2550.3,2851.199999999997,16.0,4.199999999994361,4
2732.6800000000003,Lyon,Hamburg,2669.6800000000003,2851.399999999997,16.0,4.39999999999327,4
2751.7200000000003,Lyon,Hamburg,2666.7200000000003,2851.5999999999967,16.0,4.199999999993452,4
2825.1300000000015,Vienna,Prague,2810.1300000000015,2855.7999999999993,4.0,0.7999999999992724,1
2846.3000000000015,Vienna,Prague,2818.3000000000015,2855.999999999999,4.0,0.9999999999990905,1
2870.9400000000014,Vienna,Prague,2850.9400000000014,2856.199999999999,4.0,1.1999999999989086,1
2767.3699999999994,Paris,Vienna,2659.3699999999994,2879.999999999998,14.0,1.9999999999972715,2
2850.9299999999994,Paris,Vienna,2773.9299999999994,2880.199999999998,14.0,2.3999999999969077,2
2890.7799999999993,Paris,Vienna,2804.7799999999993,2880.399999999998,14.0,2.1999999999970896,2
