truckname,startnode,endnode,starttime,endtime,load,capacity
Vienna_0,Vienna,Prague,13.599999999999998,17.599999999999998,3,3
Paris_0,Paris,Brussels,15.599999999999998,19.599999999999998,3,3
Vienna_0,Prague,Vienna,19.0,23.0,0,3
Paris_0,Brussels,Paris,21.0,25.0,0,3
Munich_0,Munich,Paris,21.599999999999998,30.599999999999998,3,3
Rotterdam_0,Rotterdam,Brussels,32.60000000000001,34.60000000000001,3,3
Vienna_1,Vienna,Prague,31.599999999999998,35.599999999999994,3,3
Rotterdam_0,Brussels,Rotterdam,36.0,38.0,0,3
Brussels_0,Brussels,Paris,36.60000000000001,40.60000000000001,3,3
Vienna_1,Prague,Vienna,37.0,41.0,0,3
Munich_0,Paris,Munich,32.2,41.2,1,3
Brussels_0,Paris,Brussels,42.2,46.2,1,3
Vienna_2,Vienna,Prague,43.60000000000001,47.60000000000001,3,3
Paris_1,Paris,Lyon,42.80000000000001,47.80000000000001,3,3
Vienna_2,Prague,Vienna,49.0,53.0,0,3
Paris_1,Lyon,Paris,49.400000000000006,54.400000000000006,2,3
Lyon_0,Lyon,Milan,50.000000000000014,55.000000000000014,3,3
Lyon_0,Milan,Lyon,56.0,61.0,0,3
Paris_2,Paris,Brussels,61.60000000000001,65.60000000000001,3,3
Paris_2,Brussels,Paris,67.0,71.0,0,3
Paris_3,Paris,Munich,68.60000000000001,77.60000000000001,3,3
Berlin_0,Berlin,Prague,73.60000000000001,77.60000000000001,3,3
Vienna_3,Vienna,Prague,76.60000000000001,80.60000000000001,3,3
Berlin_0,Prague,Berlin,79.0,83.0,0,3
Munich_1,Munich,Paris,74.60000000000001,83.60000000000001,3,3
Prague_0,Prague,Munich,79.60000000000001,83.60000000000001,3,3
Paris_4,Paris,Brussels,80.60000000000001,84.60000000000001,3,3
Munich_2,Munich,Vienna,79.80000000000001,84.80000000000001,3,3
Vienna_3,Prague,Vienna,82.0,86.0,0,3
Paris_3,Munich,Paris,79.2,88.2,1,3
Prague_0,Munich,Prague,85.0,89.0,0,3
Paris_4,Brussels,Paris,86.0,90.0,0,3
Munich_2,Vienna,Munich,86.0,91.0,0,3
Munich_3,Munich,Milan,85.60000000000001,91.60000000000001,3,3
Paris_0,Paris,Munich,83.60000000000001,92.60000000000001,3,3
Munich_1,Paris,Munich,85.0,94.0,0,3
Munich_4,Munich,Paris,86.20000000000002,95.20000000000002,3,3
Lyon_1,Lyon,Paris,93.60000000000001,98.60000000000001,3,3
Munich_3,Milan,Munich,93.0,99.0,0,3
Munich_0,Munich,Vienna,94.80000000000001,99.80000000000001,3,3
Paris_0,Munich,Paris,94.2,103.2,1,3
Paris_1,Paris,Brussels,100.60000000000001,104.60000000000001,3,3
Lyon_1,Paris,Lyon,100.0,105.0,0,3
Munich_4,Paris,Munich,96.2,105.2,1,3
Munich_0,Vienna,Munich,101.0,106.0,0,3
Brussels_1,Brussels,Rotterdam,106.60000000000001,108.60000000000001,3,3
Paris_1,Brussels,Paris,106.0,110.0,0,3
Brussels_1,Rotterdam,Brussels,110.2,112.2,1,3
Vienna_4,Vienna,Prague,111.60000000000001,115.60000000000001,3,3
Rotterdam_1,Rotterdam,Hamburg,110.80000000000001,115.80000000000001,3,3
Berlin_1,Berlin,Prague,113.60000000000001,117.60000000000001,3,3
Lyon_2,Lyon,Paris,114.60000000000001,119.60000000000001,3,3
Vienna_4,Prague,Vienna,117.0,121.0,0,3
Rotterdam_1,Hamburg,Rotterdam,117.0,122.0,0,3
Berlin_1,Prague,Berlin,119.0,123.0,0,3
Prague_1,Prague,Munich,119.60000000000001,123.60000000000001,3,3
Paris_2,Paris,Brussels,120.80000000000003,124.80000000000003,3,3
Lyon_2,Paris,Lyon,121.0,126.0,0,3
Brussels_2,Brussels,Rotterdam,126.80000000000001,128.8,3,3
Prague_1,Munich,Prague,125.0,129.0,0,3
Munich_2,Munich,Paris,120.60000000000001,129.60000000000002,3,3
Paris_2,Brussels,Paris,126.2,130.2,1,3
Paris_3,Paris,Munich,122.60000000000001,131.60000000000002,3,3
Munich_1,Munich,Milan,125.60000000000001,131.60000000000002,3,3
Brussels_2,Rotterdam,Brussels,130.2,132.2,1,3
Rotterdam_2,Rotterdam,Hamburg,130.79999999999995,135.79999999999995,3,3
Munich_3,Munich,Vienna,132.79999999999995,137.79999999999995,3,3
Munich_1,Milan,Munich,133.0,139.0,0,3
Munich_2,Paris,Munich,131.0,140.0,0,3
Rotterdam_2,Hamburg,Rotterdam,137.0,142.0,0,3
Paris_3,Munich,Paris,133.39999999999998,142.39999999999998,2,3
Vienna_0,Vienna,Prague,138.9999999999999,142.9999999999999,3,3
Paris_4,Paris,Brussels,139.59999999999997,143.59999999999997,3,3
Munich_3,Vienna,Munich,139.0,144.0,0,3
Berlin_2,Berlin,Prague,140.59999999999997,144.59999999999997,3,3
Vienna_0,Prague,Vienna,144.0,148.0,0,3
Vienna_1,Vienna,Prague,144.59999999999997,148.59999999999997,3,3
Paris_4,Brussels,Paris,145.2,149.2,1,3
Berlin_2,Prague,Berlin,146.0,150.0,0,3
Prague_2,Prague,Munich,146.59999999999997,150.59999999999997,3,3
Vienna_1,Prague,Vienna,150.0,154.0,0,3
Prague_2,Munich,Prague,152.0,156.0,0,3
Munich_4,Munich,Paris,147.59999999999997,156.59999999999997,3,3
Paris_0,Paris,Munich,149.59999999999997,158.59999999999997,3,3
Munich_0,Munich,Milan,152.59999999999997,158.59999999999997,3,3
Lyon_3,Lyon,Paris,156.59999999999997,161.59999999999997,3,3
Munich_1,Munich,Vienna,159.7999999999999,164.7999999999999,3,3
Munich_0,Milan,Munich,160.0,166.0,0,3
Paris_1,Paris,Brussels,162.7999999999999,166.7999999999999,3,3
Munich_4,Paris,Munich,158.2,167.2,1,3
Lyon_3,Paris,Lyon,163.39999999999998,168.39999999999998,2,3
Paris_0,Munich,Paris,160.39999999999998,169.39999999999998,2,3
Vienna_2,Vienna,Prague,165.99999999999983,169.99999999999983,3,3
Brussels_3,Brussels,Rotterdam,168.59999999999997,170.59999999999997,3,3
Munich_1,Vienna,Munich,166.0,171.0,0,3
Paris_2,Paris,Brussels,167.59999999999997,171.59999999999997,3,3
Paris_1,Brussels,Paris,168.0,172.0,0,3
Berlin_3,Berlin,Prague,168.59999999999997,172.59999999999997,3,3
Munich_2,Munich,Vienna,168.59999999999997,173.59999999999997,3,3
Brussels_3,Rotterdam,Brussels,172.39999999999998,174.39999999999998,2,3
Vienna_2,Prague,Vienna,171.0,175.0,0,3
Paris_2,Brussels,Paris,173.0,177.0,0,3
Rotterdam_3,Rotterdam,Hamburg,172.99999999999994,177.99999999999994,3,3
Berlin_3,Prague,Berlin,174.0,178.0,0,3
Prague_3,Prague,Munich,174.59999999999997,178.59999999999997,3,3
Munich_2,Vienna,Munich,175.0,180.0,0,3
Vienna_3,Vienna,Prague,176.59999999999997,180.59999999999997,3,3
Rotterdam_3,Hamburg,Rotterdam,179.0,184.0,0,3
Prague_3,Munich,Prague,180.0,184.0,0,3
Vienna_3,Prague,Vienna,182.0,186.0,0,3
Munich_0,Munich,Milan,180.59999999999997,186.59999999999997,3,3
Munich_3,Munich,Paris,178.59999999999997,187.59999999999997,3,3
Munich_0,Milan,Munich,188.0,194.0,0,3
Paris_3,Paris,Brussels,190.59999999999997,194.59999999999997,3,3
Munich_3,Paris,Munich,189.39999999999998,198.39999999999998,2,3
Paris_3,Brussels,Paris,196.39999999999998,200.39999999999998,2,3
Lyon_4,Lyon,Paris,198.59999999999997,203.59999999999997,3,3
Paris_4,Paris,Brussels,204.7999999999999,208.7999999999999,3,3
Berlin_4,Berlin,Prague,205.59999999999997,209.59999999999997,3,3
Lyon_4,Paris,Lyon,205.79999999999984,210.79999999999984,2,3
Brussels_4,Brussels,Rotterdam,210.59999999999997,212.59999999999997,3,3
Paris_4,Brussels,Paris,210.0,214.0,0,3
Paris_0,Paris,Munich,205.39999999999986,214.39999999999986,3,3
Berlin_4,Prague,Berlin,211.0,215.0,0,3
Prague_4,Prague,Munich,211.59999999999997,215.59999999999997,3,3
Brussels_4,Rotterdam,Brussels,214.0,216.0,0,3
Lyon_0,Lyon,Milan,211.79999999999978,216.79999999999978,3,3
Rotterdam_4,Rotterdam,Hamburg,214.59999999999997,219.59999999999997,3,3
Munich_4,Munich,Vienna,215.59999999999997,220.59999999999997,3,3
Prague_4,Munich,Prague,217.0,221.0,0,3
Paris_1,Paris,Brussels,217.59999999999997,221.59999999999997,3,3
Lyon_0,Milan,Lyon,218.0,223.0,0,3
Munich_1,Munich,Milan,217.59999999999997,223.59999999999997,3,3
Paris_0,Munich,Paris,215.0,224.0,0,3
Rotterdam_4,Hamburg,Rotterdam,221.0,226.0,0,3
Munich_4,Vienna,Munich,222.0,227.0,0,3
Paris_1,Brussels,Paris,223.0,227.0,0,3
Munich_1,Milan,Munich,225.0,231.0,0,3
Vienna_4,Vienna,Prague,230.59999999999997,234.59999999999997,3,3
Paris_2,Paris,Munich,227.59999999999997,236.59999999999997,3,3
Vienna_4,Prague,Vienna,236.0,240.0,0,3
Paris_3,Paris,Munich,232.59999999999997,241.59999999999997,3,3
Vienna_0,Vienna,Prague,237.59999999999997,241.59999999999997,3,3
Munich_2,Munich,Vienna,237.7999999999999,242.7999999999999,3,3
Vienna_0,Prague,Vienna,243.0,247.0,0,3
Paris_2,Munich,Paris,238.2,247.2,1,3
Munich_0,Munich,Vienna,242.7999999999999,247.7999999999999,3,3
Berlin_0,Berlin,Prague,244.59999999999997,248.59999999999997,3,3
Munich_2,Vienna,Munich,244.0,249.0,0,3
Paris_4,Paris,Brussels,245.59999999999997,249.59999999999997,3,3
Paris_3,Munich,Paris,243.0,252.0,0,3
Munich_0,Vienna,Munich,249.0,254.0,0,3
Berlin_0,Prague,Berlin,250.0,254.0,0,3
Prague_0,Prague,Munich,250.59999999999997,254.59999999999997,3,3
Paris_4,Brussels,Paris,251.0,255.0,0,3
Prague_0,Munich,Prague,256.0,260.0,0,3
Vienna_1,Vienna,Prague,256.59999999999997,260.59999999999997,3,3
Lyon_1,Lyon,Paris,256.59999999999997,261.59999999999997,3,3
Munich_3,Munich,Milan,256.59999999999997,262.59999999999997,3,3
Vienna_1,Prague,Vienna,262.0,266.0,0,3
Paris_0,Paris,Munich,257.59999999999997,266.59999999999997,3,3
Paris_1,Paris,Brussels,262.7999999999999,266.7999999999999,3,3
Lyon_1,Paris,Lyon,263.0,268.0,0,3
Munich_3,Milan,Munich,264.0,270.0,0,3
Brussels_0,Brussels,Rotterdam,268.59999999999997,270.59999999999997,3,3
Munich_4,Munich,Paris,262.59999999999997,271.59999999999997,3,3
Paris_1,Brussels,Paris,268.0,272.0,0,3
Munich_1,Munich,Vienna,267.7999999999999,272.7999999999999,3,3
Brussels_0,Rotterdam,Brussels,272.2,274.2,1,3
Paris_0,Munich,Paris,268.2,277.2,1,3
Rotterdam_0,Rotterdam,Hamburg,272.79999999999995,277.79999999999995,3,3
Munich_1,Vienna,Munich,274.0,279.0,0,3
Berlin_1,Berlin,Prague,276.59999999999997,280.59999999999997,3,3
Munich_4,Paris,Munich,273.0,282.0,0,3
Vienna_2,Vienna,Prague,278.59999999999997,282.59999999999997,3,3
Rotterdam_0,Hamburg,Rotterdam,279.0,284.0,0,3
Berlin_1,Prague,Berlin,282.0,286.0,0,3
Prague_1,Prague,Munich,282.59999999999997,286.59999999999997,3,3
Vienna_2,Prague,Vienna,284.0,288.0,0,3
Prague_1,Munich,Prague,288.0,292.0,0,3
Vienna_3,Vienna,Prague,288.59999999999997,292.59999999999997,3,3
Munich_2,Munich,Milan,288.59999999999997,294.59999999999997,3,3
Vienna_3,Prague,Vienna,294.0,298.0,0,3
Lyon_2,Lyon,Paris,295.59999999999997,300.59999999999997,3,3
Munich_2,Milan,Munich,296.0,302.0,0,3
Paris_2,Paris,Brussels,301.7999999999999,305.7999999999999,3,3
Lyon_2,Paris,Lyon,302.0,307.0,0,3
Vienna_4,Vienna,Prague,305.59999999999997,309.59999999999997,3,3
Brussels_1,Brussels,Rotterdam,307.79999999999995,309.79999999999995,3,3
Paris_2,Brussels,Paris,307.2,311.2,1,3
Brussels_1,Rotterdam,Brussels,311.2,313.2,1,3
Paris_3,Paris,Brussels,309.59999999999997,313.59999999999997,3,3
Vienna_4,Prague,Vienna,311.0,315.0,0,3
Rotterdam_1,Rotterdam,Hamburg,311.79999999999995,316.79999999999995,3,3
Paris_4,Paris,Munich,310.19999999999993,319.19999999999993,3,3
Paris_3,Brussels,Paris,315.2,319.2,1,3
Rotterdam_1,Hamburg,Rotterdam,318.0,323.0,0,3
Munich_0,Munich,Vienna,320.99999999999994,325.99999999999994,3,3
Paris_1,Paris,Munich,317.59999999999997,326.59999999999997,3,3
Paris_4,Munich,Paris,320.4,329.4,2,3
Vienna_0,Vienna,Prague,325.59999999999997,329.59999999999997,3,3
Munich_0,Vienna,Munich,327.0,332.0,0,3
Munich_3,Munich,Vienna,327.7999999999999,332.7999999999999,3,3
Vienna_0,Prague,Vienna,331.0,335.0,0,3
Paris_1,Munich,Paris,328.0,337.0,0,3
Munich_3,Vienna,Munich,334.0,339.0,0,3
Paris_0,Paris,Munich,331.59999999999997,340.59999999999997,3,3
Munich_1,Munich,Vienna,341.7999999999999,346.7999999999999,3,3
Paris_2,Paris,Munich,341.59999999999997,350.59999999999997,3,3
Paris_0,Munich,Paris,342.2,351.2,1,3
Munich_1,Vienna,Munich,348.0,353.0,0,3
Munich_4,Munich,Vienna,351.7999999999999,356.7999999999999,3,3
Berlin_2,Berlin,Prague,355.59999999999997,359.59999999999997,3,3
Paris_2,Munich,Paris,352.2,361.2,1,3
Munich_4,Vienna,Munich,358.0,363.0,0,3
Vienna_1,Vienna,Prague,360.59999999999997,364.59999999999997,3,3
Berlin_2,Prague,Berlin,361.0,365.0,0,3
Prague_2,Prague,Munich,361.59999999999997,365.59999999999997,3,3
Vienna_1,Prague,Vienna,366.0,370.0,0,3
Prague_2,Munich,Prague,367.0,371.0,0,3
Munich_2,Munich,Milan,367.59999999999997,373.59999999999997,3,3
Vienna_2,Vienna,Prague,376.59999999999997,380.59999999999997,3,3
Munich_2,Milan,Munich,375.0,381.0,0,3
Vienna_2,Prague,Vienna,382.0,386.0,0,3
Munich_0,Munich,Paris,379.59999999999997,388.59999999999997,3,3
Berlin_3,Berlin,Prague,384.59999999999997,388.59999999999997,3,3
Paris_3,Paris,Munich,382.59999999999997,391.59999999999997,3,3
Berlin_3,Prague,Berlin,390.0,394.0,0,3
Prague_3,Prague,Munich,390.59999999999997,394.59999999999997,3,3
Munich_3,Munich,Vienna,392.7999999999999,397.7999999999999,3,3
Munich_0,Paris,Munich,390.0,399.0,0,3
Vienna_3,Vienna,Prague,395.59999999999997,399.59999999999997,3,3
Prague_3,Munich,Prague,396.0,400.0,0,3
Paris_3,Munich,Paris,393.4,402.4,2,3
Munich_1,Munich,Milan,396.59999999999997,402.59999999999997,3,3
Munich_3,Vienna,Munich,399.0,404.0,0,3
Vienna_3,Prague,Vienna,401.0,405.0,0,3
Munich_1,Milan,Munich,404.0,410.0,0,3
Vienna_4,Vienna,Prague,408.59999999999997,412.59999999999997,3,3
Berlin_4,Berlin,Prague,409.59999999999997,413.59999999999997,3,3
Vienna_4,Prague,Vienna,414.0,418.0,0,3
Berlin_4,Prague,Berlin,415.0,419.0,0,3
Prague_4,Prague,Munich,415.59999999999997,419.59999999999997,3,3
Prague_4,Munich,Prague,421.0,425.0,0,3
Vienna_0,Vienna,Prague,422.59999999999997,426.59999999999997,3,3
Munich_4,Munich,Milan,421.59999999999997,427.59999999999997,3,3
Vienna_0,Prague,Vienna,428.0,432.0,0,3
Munich_4,Milan,Munich,429.0,435.0,0,3
Vienna_1,Vienna,Prague,431.59999999999997,435.59999999999997,3,3
Paris_4,Paris,Munich,431.59999999999997,440.59999999999997,3,3
Vienna_1,Prague,Vienna,437.0,441.0,0,3
Munich_2,Munich,Paris,437.59999999999997,446.59999999999997,3,3
Vienna_2,Vienna,Prague,442.59999999999997,446.59999999999997,3,3
Munich_0,Munich,Vienna,441.7999999999999,446.7999999999999,3,3
Paris_4,Munich,Paris,442.0,451.0,0,3
Vienna_2,Prague,Vienna,448.0,452.0,0,3
Paris_1,Paris,Munich,443.59999999999997,452.59999999999997,3,3
Munich_0,Vienna,Munich,448.0,453.0,0,3
Munich_2,Paris,Munich,448.2,457.2,1,3
Paris_0,Paris,Brussels,454.59999999999997,458.59999999999997,3,3
Munich_3,Munich,Vienna,453.7999999999999,458.7999999999999,3,3
Vienna_3,Vienna,Prague,458.59999999999997,462.59999999999997,3,3
Paris_1,Munich,Paris,454.0,463.0,0,3
Lyon_3,Lyon,Paris,458.59999999999997,463.59999999999997,3,3
Munich_1,Munich,Vienna,458.59999999999997,463.59999999999997,3,3
Paris_0,Brussels,Paris,460.0,464.0,0,3
Munich_3,Vienna,Munich,460.0,465.0,0,3
Vienna_3,Prague,Vienna,464.0,468.0,0,3
Paris_3,Paris,Brussels,464.7999999999999,468.7999999999999,3,3
Munich_1,Vienna,Munich,465.0,470.0,0,3
Lyon_3,Paris,Lyon,465.4,470.4,2,3
Paris_2,Paris,Munich,461.59999999999997,470.59999999999997,3,3
Brussels_2,Brussels,Rotterdam,469.99999999999983,471.99999999999983,3,3
Paris_3,Brussels,Paris,470.0,474.0,0,3
Brussels_2,Rotterdam,Brussels,473.2,475.2,1,3
Vienna_4,Vienna,Prague,471.59999999999997,475.59999999999997,3,3
Lyon_4,Lyon,Milan,471.59999999999997,476.59999999999997,3,3
Munich_4,Munich,Vienna,472.99999999999994,477.99999999999994,3,3
Rotterdam_2,Rotterdam,Hamburg,473.79999999999995,478.79999999999995,3,3
Vienna_4,Prague,Vienna,477.0,481.0,0,3
Paris_2,Munich,Paris,472.4,481.4,2,3
Lyon_4,Milan,Lyon,478.0,483.0,0,3
Munich_4,Vienna,Munich,479.0,484.0,0,3
Rotterdam_2,Hamburg,Rotterdam,480.0,485.0,0,3
Paris_4,Paris,Brussels,481.59999999999997,485.59999999999997,3,3
Berlin_0,Berlin,Prague,486.59999999999997,490.59999999999997,3,3
Paris_4,Brussels,Paris,487.2,491.2,1,3
Vienna_0,Vienna,Prague,490.59999999999997,494.59999999999997,3,3
Berlin_0,Prague,Berlin,492.0,496.0,0,3
Prague_0,Prague,Munich,492.59999999999997,496.59999999999997,3,3
Vienna_0,Prague,Vienna,496.0,500.0,0,3
Prague_0,Munich,Prague,498.0,502.0,0,3
Munich_0,Munich,Milan,498.59999999999997,504.59999999999997,3,3
Berlin_1,Berlin,Prague,503.59999999999997,507.59999999999997,3,3
Rotterdam_3,Rotterdam,Brussels,506.59999999999997,508.59999999999997,3,3
Paris_1,Paris,Munich,502.59999999999997,511.59999999999997,3,3
Munich_0,Milan,Munich,506.0,512.0,0,3
Rotterdam_3,Brussels,Rotterdam,510.4,512.4,2,3
Berlin_1,Prague,Berlin,509.0,513.0,0,3
Prague_1,Prague,Munich,509.59999999999997,513.5999999999999,3,3
Brussels_3,Brussels,Paris,510.99999999999994,515.0,3,3
Munich_2,Munich,Vienna,513.8000000000002,518.8000000000002,3,3
Prague_1,Munich,Prague,515.0,519.0,0,3
Brussels_3,Paris,Brussels,516.2,520.2,1,3
Munich_3,Munich,Milan,515.6000000000001,521.6000000000001,3,3
Paris_0,Paris,Lyon,516.8000000000002,521.8000000000002,3,3
Paris_1,Munich,Paris,513.2,522.2,1,3
Munich_2,Vienna,Munich,520.0,525.0,0,3
Vienna_1,Vienna,Prague,522.6000000000001,526.6000000000001,3,3
Paris_0,Lyon,Paris,523.4000000000001,528.4000000000001,2,3
Munich_3,Milan,Munich,523.0,529.0,0,3
Lyon_0,Lyon,Milan,524.0000000000002,529.0000000000002,3,3
Paris_3,Paris,Munich,520.6000000000001,529.6000000000001,3,3
Vienna_1,Prague,Vienna,528.0,532.0,0,3
Lyon_0,Milan,Lyon,530.0,535.0,0,3
Munich_1,Munich,Vienna,531.8000000000002,536.8000000000002,3,3
Paris_3,Munich,Paris,531.2,540.2,1,3
Munich_1,Vienna,Munich,538.0,543.0,0,3
Munich_4,Munich,Paris,547.6000000000001,556.6000000000001,3,3
Munich_4,Paris,Munich,558.4000000000001,567.4000000000001,2,3
Vienna_2,Vienna,Prague,567.6000000000001,571.6000000000001,3,3
Berlin_2,Berlin,Prague,571.6000000000001,575.6000000000001,3,3
Vienna_2,Prague,Vienna,573.0,577.0,0,3
Rotterdam_4,Rotterdam,Brussels,578.6000000000001,580.6000000000001,3,3
Berlin_2,Prague,Berlin,577.0,581.0,0,3
Prague_2,Prague,Munich,577.6000000000001,581.6000000000001,3,3
Rotterdam_4,Brussels,Rotterdam,582.0,584.0,0,3
Vienna_3,Vienna,Prague,581.6000000000001,585.6000000000001,3,3
Brussels_4,Brussels,Paris,582.6000000000001,586.6000000000001,3,3
Prague_2,Munich,Prague,583.0,587.0,0,3
Munich_2,Munich,Milan,583.6000000000001,589.6000000000001,3,3
Munich_0,Munich,Paris,581.6000000000001,590.6000000000001,3,3
Vienna_3,Prague,Vienna,587.0,591.0,0,3
Brussels_4,Paris,Brussels,588.4000000000001,592.4000000000001,2,3
Vienna_4,Vienna,Prague,588.6000000000001,592.6000000000001,3,3
Lyon_1,Lyon,Paris,588.6000000000001,593.6000000000001,3,3
Paris_2,Paris,Lyon,589.0000000000002,594.0000000000002,3,3
Munich_2,Milan,Munich,591.0,597.0,0,3
Vienna_4,Prague,Vienna,594.0,598.0,0,3
Paris_4,Paris,Brussels,595.8000000000002,599.8000000000002,3,3
Paris_2,Lyon,Paris,595.0,600.0,0,3
Lyon_1,Paris,Lyon,595.2,600.2,1,3
Lyon_2,Lyon,Milan,595.6000000000001,600.6000000000001,3,3
Munich_0,Paris,Munich,592.6000000000001,601.6000000000001,3,3
Brussels_0,Brussels,Rotterdam,601.6000000000001,603.6000000000001,3,3
Paris_4,Brussels,Paris,601.0,605.0,0,3
Lyon_2,Milan,Lyon,602.0,607.0,0,3
Brussels_0,Rotterdam,Brussels,605.0,607.0,0,3
Munich_3,Munich,Vienna,602.8000000000004,607.8000000000004,3,3
Rotterdam_0,Rotterdam,Hamburg,604.8000000000004,609.8000000000004,3,3
Vienna_0,Vienna,Prague,609.6000000000001,613.6000000000001,3,3
Munich_3,Vienna,Munich,609.0,614.0,0,3
Rotterdam_0,Hamburg,Rotterdam,611.0,616.0,0,3
Vienna_0,Prague,Vienna,615.0,619.0,0,3
Berlin_3,Berlin,Prague,617.6000000000001,621.6000000000001,3,3
Vienna_1,Vienna,Prague,621.6000000000001,625.6000000000001,3,3
Berlin_4,Berlin,Prague,621.6000000000001,625.6000000000001,3,3
Paris_1,Paris,Munich,617.6000000000001,626.6000000000001,3,3
Berlin_3,Prague,Berlin,623.0,627.0,0,3
Prague_3,Prague,Munich,623.6000000000001,627.6000000000001,3,3
Vienna_1,Prague,Vienna,627.0,631.0,0,3
Berlin_4,Prague,Berlin,627.0,631.0,0,3
Prague_4,Prague,Munich,627.6000000000001,631.6000000000001,3,3
Munich_1,Munich,Vienna,627.8000000000004,632.8000000000004,3,3
Prague_3,Munich,Prague,629.0,633.0,0,3
Munich_4,Munich,Milan,629.6000000000001,635.6000000000001,3,3
Paris_1,Munich,Paris,628.0,637.0,0,3
Prague_4,Munich,Prague,633.0,637.0,0,3
Munich_1,Vienna,Munich,634.0,639.0,0,3
Munich_2,Munich,Milan,633.6000000000001,639.6000000000001,3,3
Munich_4,Milan,Munich,637.0,643.0,0,3
Paris_3,Paris,Brussels,640.6000000000001,644.6000000000001,3,3
Munich_2,Milan,Munich,641.0,647.0,0,3
Vienna_2,Vienna,Prague,643.6000000000001,647.6000000000001,3,3
Paris_0,Paris,Munich,639.6000000000001,648.6000000000001,3,3
Paris_3,Brussels,Paris,646.0,650.0,0,3
Rotterdam_1,Rotterdam,Brussels,649.6000000000001,651.6000000000001,3,3
Vienna_2,Prague,Vienna,649.0,653.0,0,3
Munich_0,Munich,Vienna,649.8000000000004,654.8000000000004,3,3
Rotterdam_1,Brussels,Rotterdam,653.4000000000001,655.4000000000001,2,3
Brussels_1,Brussels,Paris,654.0000000000002,658.0000000000002,3,3
Paris_0,Munich,Paris,650.2,659.2,1,3
Munich_0,Vienna,Munich,656.0,661.0,0,3
Rotterdam_2,Rotterdam,Hamburg,656.6000000000001,661.6000000000001,3,3
Brussels_1,Paris,Brussels,659.0,663.0,0,3
Paris_4,Paris,Lyon,659.6000000000001,664.6000000000001,3,3
Vienna_3,Vienna,Prague,661.6000000000001,665.6000000000001,3,3
Paris_2,Paris,Munich,657.6000000000001,666.6000000000001,3,3
Rotterdam_2,Hamburg,Rotterdam,663.0,668.0,0,3
Vienna_3,Prague,Vienna,667.0,671.0,0,3
Paris_4,Lyon,Paris,666.2,671.2,1,3
Lyon_3,Lyon,Milan,666.8000000000002,671.8000000000002,3,3
Munich_3,Munich,Vienna,667.8000000000004,672.8000000000004,3,3
Paris_2,Munich,Paris,668.4000000000001,677.4000000000001,2,3
Berlin_0,Berlin,Prague,673.6000000000001,677.6000000000001,3,3
Lyon_3,Milan,Lyon,673.0,678.0,0,3
Munich_3,Vienna,Munich,674.0,679.0,0,3
Berlin_0,Prague,Berlin,679.0,683.0,0,3
Prague_0,Prague,Munich,679.6000000000001,683.6000000000001,3,3
Prague_0,Munich,Prague,685.0,689.0,0,3
Paris_1,Paris,Munich,680.6000000000001,689.6000000000001,3,3
Rotterdam_3,Rotterdam,Brussels,687.6000000000001,689.6000000000001,3,3
Munich_1,Munich,Milan,685.6000000000001,691.6000000000001,3,3
Rotterdam_3,Brussels,Rotterdam,691.0,693.0,0,3
Munich_4,Munich,Paris,686.6000000000001,695.6000000000001,3,3
Vienna_4,Vienna,Prague,691.6000000000001,695.6000000000001,3,3
Brussels_2,Brussels,Paris,691.6000000000001,695.6000000000001,3,3
Munich_2,Munich,Vienna,690.8000000000004,695.8000000000004,3,3
Paris_3,Paris,Brussels,694.6000000000001,698.6000000000001,3,3
Munich_1,Milan,Munich,693.0,699.0,0,3
Paris_1,Munich,Paris,691.0,700.0,0,3
Vienna_4,Prague,Vienna,697.0,701.0,0,3
Brussels_2,Paris,Brussels,697.0,701.0,0,3
Munich_2,Vienna,Munich,697.0,702.0,0,3
Paris_0,Paris,Lyon,697.8000000000002,702.8000000000002,3,3
Vienna_0,Vienna,Prague,699.6000000000001,703.6000000000001,3,3
Paris_3,Brussels,Paris,700.0,704.0,0,3
Lyon_4,Lyon,Paris,700.6000000000001,705.6000000000001,3,3
Munich_4,Paris,Munich,697.2,706.2,1,3
Vienna_0,Prague,Vienna,705.0,709.0,0,3
Paris_0,Lyon,Paris,704.2,709.2,1,3
Lyon_0,Lyon,Milan,704.8000000000002,709.8000000000002,3,3
Berlin_1,Berlin,Prague,706.6000000000001,710.6000000000001,3,3
Paris_4,Paris,Brussels,706.8000000000004,710.8000000000004,3,3
Lyon_4,Paris,Lyon,707.0,712.0,0,3
Munich_0,Munich,Vienna,707.6000000000001,712.6000000000001,3,3
Paris_2,Paris,Brussels,709.6000000000001,713.6000000000001,3,3
Lyon_0,Milan,Lyon,711.0,716.0,0,3
Paris_4,Brussels,Paris,712.0,716.0,0,3
Berlin_1,Prague,Berlin,712.0,716.0,0,3
Prague_1,Prague,Munich,712.6000000000001,716.6000000000001,3,3
Brussels_3,Brussels,Rotterdam,715.6000000000001,717.6000000000001,3,3
Munich_0,Vienna,Munich,714.0,719.0,0,3
Paris_2,Brussels,Paris,715.0,719.0,0,3
Brussels_3,Rotterdam,Brussels,719.0,721.0,0,3
Prague_1,Munich,Prague,718.0,722.0,0,3
Munich_3,Munich,Milan,718.6000000000001,724.6000000000001,3,3
Rotterdam_4,Rotterdam,Hamburg,719.6000000000001,724.6000000000001,3,3
Paris_1,Paris,Munich,721.6000000000001,730.6000000000001,3,3
Rotterdam_4,Hamburg,Rotterdam,726.0,731.0,0,3
Munich_1,Munich,Paris,722.6000000000001,731.6000000000001,3,3
Munich_3,Milan,Munich,726.0,732.0,0,3
Munich_2,Munich,Vienna,732.6000000000001,737.6000000000001,3,3
Paris_3,Paris,Munich,730.6000000000001,739.6000000000001,3,3
Vienna_1,Vienna,Prague,735.6000000000001,739.6000000000001,3,3
Paris_1,Munich,Paris,732.0,741.0,0,3
Munich_1,Paris,Munich,733.2,742.2,1,3
Munich_2,Vienna,Munich,739.0,744.0,0,3
Vienna_1,Prague,Vienna,741.0,745.0,0,3
Munich_4,Munich,Vienna,741.6000000000001,746.6000000000001,3,3
Vienna_2,Vienna,Prague,743.6000000000001,747.6000000000001,3,3
Paris_3,Munich,Paris,741.0,750.0,0,3
Rotterdam_0,Rotterdam,Brussels,749.6000000000001,751.6000000000001,3,3
Munich_4,Vienna,Munich,748.0,753.0,0,3
Vienna_2,Prague,Vienna,749.0,753.0,0,3
Rotterdam_0,Brussels,Rotterdam,753.2,755.2,1,3
Brussels_4,Brussels,Paris,753.8000000000002,757.8000000000002,3,3
Berlin_2,Berlin,Prague,754.6000000000001,758.6000000000001,3,3
Brussels_4,Paris,Brussels,759.4000000000001,763.4000000000001,2,3
Berlin_2,Prague,Berlin,760.0,764.0,0,3
Prague_2,Prague,Munich,760.6000000000001,764.6000000000001,3,3
Paris_0,Paris,Lyon,760.0000000000002,765.0000000000002,3,3
Prague_2,Munich,Prague,766.0,770.0,0,3
Paris_0,Lyon,Paris,766.4000000000001,771.4000000000001,2,3
Lyon_1,Lyon,Milan,767.0000000000002,772.0000000000002,3,3
Munich_0,Munich,Milan,766.6000000000001,772.6000000000001,3,3
Paris_4,Paris,Munich,765.6000000000001,774.6000000000001,3,3
Paris_2,Paris,Brussels,772.6000000000001,776.6000000000001,3,3
Lyon_1,Milan,Lyon,773.0,778.0,0,3
Munich_0,Milan,Munich,774.0,780.0,0,3
Brussels_0,Brussels,Rotterdam,778.6000000000001,780.6000000000001,3,3
Paris_2,Brussels,Paris,778.0,782.0,0,3
Munich_3,Munich,Vienna,777.0000000000002,782.0000000000002,3,3
Brussels_0,Rotterdam,Brussels,782.2,784.2,1,3
Paris_4,Munich,Paris,776.4000000000001,785.4000000000001,2,3
Rotterdam_1,Rotterdam,Hamburg,781.8000000000004,786.8000000000004,3,3
Munich_3,Vienna,Munich,783.0,788.0,0,3
Vienna_3,Vienna,Prague,786.6000000000001,790.6000000000001,3,3
Paris_1,Paris,Munich,782.6000000000001,791.6000000000001,3,3
Rotterdam_1,Hamburg,Rotterdam,788.0,793.0,0,3
Vienna_4,Vienna,Prague,790.6000000000001,794.6000000000001,3,3
Vienna_3,Prague,Vienna,792.0,796.0,0,3
Munich_1,Munich,Vienna,793.6000000000001,798.6000000000001,3,3
Vienna_4,Prague,Vienna,796.0,800.0,0,3
Paris_1,Munich,Paris,793.0,802.0,0,3
Vienna_0,Vienna,Prague,800.6000000000001,804.6000000000001,3,3
Munich_1,Vienna,Munich,800.0,805.0,0,3
Berlin_3,Berlin,Prague,801.6000000000001,805.6000000000001,3,3
Vienna_0,Prague,Vienna,806.0,810.0,0,3
Berlin_3,Prague,Berlin,807.0,811.0,0,3
Prague_3,Prague,Munich,807.6000000000001,811.6000000000001,3,3
Prague_3,Munich,Prague,813.0,817.0,0,3
Munich_2,Munich,Milan,813.6000000000001,819.6000000000001,3,3
Paris_3,Paris,Munich,813.6000000000001,822.6000000000001,3,3
Paris_0,Paris,Munich,816.6000000000001,825.6000000000001,3,3
Vienna_1,Vienna,Prague,822.6000000000001,826.6000000000001,3,3
Munich_2,Milan,Munich,821.0,827.0,0,3
Munich_4,Munich,Vienna,825.0000000000002,830.0000000000002,3,3
Vienna_1,Prague,Vienna,828.0,832.0,0,3
Lyon_2,Lyon,Paris,827.6000000000001,832.6000000000001,3,3
Munich_0,Munich,Vienna,827.6000000000001,832.6000000000001,3,3
Vienna_2,Vienna,Prague,828.6000000000001,832.6000000000001,3,3
Paris_3,Munich,Paris,824.4000000000001,833.4000000000001,2,3
Paris_0,Munich,Paris,827.0,836.0,0,3
Munich_4,Vienna,Munich,831.0,836.0,0,3
Vienna_2,Prague,Vienna,834.0,838.0,0,3
Paris_2,Paris,Munich,829.6000000000001,838.6000000000001,3,3
Paris_4,Paris,Brussels,834.6000000000001,838.6000000000001,3,3
Munich_0,Vienna,Munich,834.0,839.0,0,3
Lyon_2,Paris,Lyon,834.0,839.0,0,3
Paris_4,Brussels,Paris,840.2,844.2,1,3
Paris_1,Paris,Brussels,840.6000000000001,844.6000000000001,3,3
Munich_3,Munich,Vienna,840.6000000000001,845.6000000000001,3,3
Brussels_1,Brussels,Rotterdam,846.6000000000001,848.6000000000001,3,3
Paris_2,Munich,Paris,840.0,849.0,0,3
Paris_1,Brussels,Paris,846.0,850.0,0,3
Berlin_4,Berlin,Prague,846.6000000000001,850.6000000000001,3,3
Munich_3,Vienna,Munich,847.0,852.0,0,3
Brussels_1,Rotterdam,Brussels,850.6000000000001,852.6000000000001,3,3
Rotterdam_2,Rotterdam,Hamburg,849.8000000000004,854.8000000000004,3,3
Berlin_4,Prague,Berlin,852.0,856.0,0,3
Prague_4,Prague,Munich,852.6000000000001,856.6000000000001,3,3
Brussels_2,Brussels,Paris,854.6000000000001,858.6000000000001,3,3
Rotterdam_2,Hamburg,Rotterdam,856.0,861.0,0,3
Vienna_3,Vienna,Prague,857.6000000000001,861.6000000000001,3,3
Prague_4,Munich,Prague,858.0,862.0,0,3
Brussels_2,Paris,Brussels,860.0,864.0,0,3
Munich_1,Munich,Milan,858.6000000000001,864.6000000000001,3,3
Paris_0,Paris,Lyon,860.6000000000001,865.6000000000001,3,3
Vienna_3,Prague,Vienna,863.0,867.0,0,3
Paris_3,Paris,Munich,858.6000000000001,867.6000000000001,3,3
Berlin_0,Berlin,Prague,866.6000000000001,870.6000000000001,3,3
Lyon_3,Lyon,Paris,866.8000000000004,871.8000000000004,3,3
Munich_1,Milan,Munich,866.0,872.0,0,3
Paris_0,Lyon,Paris,867.0,872.0,0,3
Lyon_4,Lyon,Milan,867.6000000000001,872.6000000000001,3,3
Munich_2,Munich,Vienna,870.0000000000002,875.0000000000002,3,3
Berlin_0,Prague,Berlin,872.0,876.0,0,3
Prague_0,Prague,Munich,872.6000000000001,876.6000000000001,3,3
Paris_4,Paris,Brussels,873.8000000000002,877.8000000000002,3,3
Lyon_3,Paris,Lyon,873.2,878.2,1,3
Paris_3,Munich,Paris,869.4000000000001,878.4000000000001,2,3
Lyon_4,Milan,Lyon,874.0,879.0,0,3
Munich_2,Vienna,Munich,876.0,881.0,0,3
Brussels_3,Brussels,Rotterdam,879.6000000000001,881.6000000000001,3,3
Prague_0,Munich,Prague,878.0,882.0,0,3
Paris_4,Brussels,Paris,879.0,883.0,0,3
Munich_4,Munich,Milan,878.6000000000001,884.6000000000001,3,3
Brussels_3,Rotterdam,Brussels,883.2,885.2,1,3
Rotterdam_3,Rotterdam,Hamburg,882.8000000000004,887.8000000000004,3,3
Berlin_1,Berlin,Prague,884.6000000000001,888.6000000000001,3,3
Munich_4,Milan,Munich,886.0,892.0,0,3
Rotterdam_3,Hamburg,Rotterdam,889.0,894.0,0,3
Berlin_1,Prague,Berlin,890.0,894.0,0,3
Prague_1,Prague,Munich,890.6000000000001,894.6000000000001,3,3
Vienna_4,Vienna,Prague,893.6000000000001,897.6000000000001,3,3
Lyon_0,Lyon,Paris,893.6000000000001,898.6000000000001,3,3
Berlin_2,Berlin,Prague,894.6000000000001,898.6000000000001,3,3
Prague_1,Munich,Prague,896.0,900.0,0,3
Munich_0,Munich,Milan,896.6000000000001,902.6000000000001,3,3
Vienna_4,Prague,Vienna,899.0,903.0,0,3
Berlin_2,Prague,Berlin,900.0,904.0,0,3
Prague_2,Prague,Munich,900.6000000000001,904.6000000000001,3,3
Paris_1,Paris,Brussels,900.6000000000001,904.6000000000001,3,3
Lyon_0,Paris,Lyon,900.0,905.0,0,3
Paris_2,Paris,Munich,896.6000000000001,905.6000000000001,3,3
Brussels_4,Brussels,Rotterdam,906.8000000000002,908.8000000000002,3,3
Munich_0,Milan,Munich,904.0,910.0,0,3
Prague_2,Munich,Prague,906.0,910.0,0,3
Paris_1,Brussels,Paris,906.2,910.2,1,3
Munich_3,Munich,Paris,901.6000000000001,910.6000000000001,3,3
Paris_0,Paris,Munich,902.6000000000001,911.6000000000001,3,3
Brussels_4,Rotterdam,Brussels,910.4000000000001,912.4000000000001,2,3
Munich_1,Munich,Milan,906.8000000000004,912.8000000000004,3,3
Munich_2,Munich,Vienna,908.0000000000002,913.0000000000002,3,3
Vienna_0,Vienna,Prague,910.6000000000001,914.6000000000001,3,3
Rotterdam_4,Rotterdam,Hamburg,911.0000000000002,916.0000000000002,3,3
Paris_2,Munich,Paris,907.4000000000001,916.4000000000001,2,3
Munich_2,Vienna,Munich,914.0,919.0,0,3
Munich_4,Munich,Vienna,914.0000000000002,919.0000000000002,3,3
Munich_1,Milan,Munich,914.0,920.0,0,3
Vienna_0,Prague,Vienna,916.0,920.0,0,3
Munich_3,Paris,Munich,912.0,921.0,0,3
Rotterdam_4,Hamburg,Rotterdam,917.0,922.0,0,3
Paris_0,Munich,Paris,913.4000000000001,922.4000000000001,2,3
Munich_4,Vienna,Munich,920.0,925.0,0,3
Vienna_1,Vienna,Prague,934.6000000000001,938.6000000000001,3,3
Vienna_1,Prague,Vienna,940.0,944.0,0,3
Vienna_2,Vienna,Prague,943.6000000000001,947.6000000000001,3,3
Berlin_3,Berlin,Prague,943.6000000000001,947.6000000000001,3,3
Munich_0,Munich,Paris,942.6000000000001,951.6000000000001,3,3
Vienna_2,Prague,Vienna,949.0,953.0,0,3
Berlin_3,Prague,Berlin,949.0,953.0,0,3
Prague_3,Prague,Munich,949.6000000000001,953.6000000000001,3,3
Lyon_1,Lyon,Paris,949.6000000000001,954.6000000000001,3,3
Paris_3,Paris,Munich,947.6000000000001,956.6000000000001,3,3
Prague_3,Munich,Prague,955.0,959.0,0,3
Paris_4,Paris,Brussels,956.8000000000002,960.8000000000002,3,3
Lyon_1,Paris,Lyon,956.2,961.2,1,3
Munich_2,Munich,Milan,955.6000000000001,961.6000000000001,3,3
Munich_0,Paris,Munich,953.2,962.2,1,3
Munich_3,Munich,Vienna,958.6000000000001,963.6000000000001,3,3
Vienna_3,Vienna,Prague,960.6000000000001,964.6000000000001,3,3
Munich_1,Munich,Paris,956.2000000000003,965.2000000000003,3,3
Paris_4,Brussels,Paris,962.4000000000001,966.4000000000001,2,3
Paris_3,Munich,Paris,958.0,967.0,0,3
Lyon_2,Lyon,Milan,962.6000000000001,967.6000000000001,3,3
Munich_2,Milan,Munich,963.0,969.0,0,3
Munich_3,Vienna,Munich,965.0,970.0,0,3
Vienna_3,Prague,Vienna,966.0,970.0,0,3
Lyon_2,Milan,Lyon,969.0,974.0,0,3
Munich_1,Paris,Munich,966.2,975.2,1,3
Berlin_4,Berlin,Prague,975.6000000000001,979.6000000000001,3,3
Munich_4,Munich,Vienna,976.6000000000001,981.6000000000001,3,3
Lyon_3,Lyon,Paris,976.6000000000001,981.6000000000001,3,3
Rotterdam_0,Rotterdam,Brussels,979.6000000000001,981.6000000000001,3,3
Paris_1,Paris,Munich,975.6000000000001,984.6000000000001,3,3
Berlin_4,Prague,Berlin,981.0,985.0,0,3
Rotterdam_0,Brussels,Rotterdam,983.4000000000001,985.4000000000001,2,3
Prague_4,Prague,Munich,981.6000000000001,985.6000000000001,3,3
Munich_4,Vienna,Munich,983.0,988.0,0,3
Brussels_0,Brussels,Paris,984.0000000000002,988.0000000000002,3,3
Paris_2,Paris,Brussels,984.0000000000002,988.0000000000002,3,3
Lyon_3,Paris,Lyon,983.4000000000001,988.4000000000001,2,3
Prague_4,Munich,Prague,987.0,991.0,0,3
Rotterdam_1,Rotterdam,Hamburg,986.6000000000001,991.6000000000001,3,3
Munich_2,Munich,Vienna,986.8000000000004,991.8000000000004,3,3
Paris_2,Brussels,Paris,989.0,993.0,0,3
Brussels_0,Paris,Brussels,989.4000000000001,993.4000000000001,2,3
Munich_0,Munich,Paris,984.6000000000001,993.6000000000001,3,3
Munich_3,Munich,Milan,987.6000000000001,993.6000000000001,3,3
Paris_1,Munich,Paris,986.0,995.0,0,3
Paris_0,Paris,Lyon,990.0000000000002,995.0000000000002,3,3
Brussels_1,Brussels,Rotterdam,994.6000000000001,996.6000000000001,3,3
Rotterdam_1,Hamburg,Rotterdam,993.0,998.0,0,3
Munich_2,Vienna,Munich,993.0,998.0,0,3
Brussels_1,Rotterdam,Brussels,998.2,1000.2,1,3
Munich_3,Milan,Munich,995.0,1001.0,0,3
Paris_0,Lyon,Paris,996.2,1001.2,1,3
Vienna_4,Vienna,Prague,997.6000000000001,1001.6000000000001,3,3
Lyon_4,Lyon,Milan,996.8000000000002,1001.8000000000002,3,3
Rotterdam_2,Rotterdam,Hamburg,998.8000000000002,1003.8000000000002,3,3
Munich_0,Paris,Munich,995.0,1004.0,0,3
Vienna_4,Prague,Vienna,1003.0,1007.0,0,3
Lyon_4,Milan,Lyon,1003.0,1008.0,0,3
Rotterdam_2,Hamburg,Rotterdam,1005.0,1010.0,0,3
Paris_4,Paris,Munich,1007.6000000000001,1016.6000000000001,3,3
Paris_3,Paris,Brussels,1014.6000000000001,1018.6000000000001,3,3
Vienna_0,Vienna,Prague,1014.6000000000001,1018.6000000000001,3,3
Munich_1,Munich,Vienna,1018.6000000000001,1023.6000000000001,3,3
Vienna_0,Prague,Vienna,1020.0,1024.0,0,3
Paris_3,Brussels,Paris,1020.2,1024.2,1,3
Berlin_0,Berlin,Prague,1020.6000000000001,1024.6000000000001,3,3
Paris_4,Munich,Paris,1018.0,1027.0,0,3
Munich_1,Vienna,Munich,1025.0,1030.0,0,3
Berlin_0,Prague,Berlin,1026.0,1030.0,0,3
Prague_0,Prague,Munich,1026.6000000000001,1030.6000000000001,3,3
Prague_0,Munich,Prague,1032.0,1036.0,0,3
Munich_4,Munich,Milan,1032.6000000000001,1038.6000000000001,3,3
Vienna_1,Vienna,Prague,1036.6000000000001,1040.6000000000001,3,3
Paris_2,Paris,Munich,1036.6000000000001,1045.6000000000001,3,3
Munich_4,Milan,Munich,1040.0,1046.0,0,3
Vienna_1,Prague,Vienna,1042.0,1046.0,0,3
Paris_1,Paris,Brussels,1042.6000000000001,1046.6000000000001,3,3
Vienna_2,Vienna,Prague,1045.6000000000001,1049.6000000000001,3,3
Paris_1,Brussels,Paris,1048.0,1052.0,0,3
Berlin_1,Berlin,Prague,1048.6000000000001,1052.6000000000001,3,3
Munich_2,Munich,Vienna,1048.0000000000002,1053.0000000000002,3,3
Vienna_2,Prague,Vienna,1051.0,1055.0,0,3
Paris_2,Munich,Paris,1047.4,1056.4,2,3
Paris_0,Paris,Munich,1047.6000000000001,1056.6000000000001,3,3
Berlin_1,Prague,Berlin,1054.0,1058.0,0,3
Prague_1,Prague,Munich,1054.6000000000001,1058.6000000000001,3,3
Munich_2,Vienna,Munich,1054.0,1059.0,0,3
Munich_3,Munich,Vienna,1058.6000000000001,1063.6000000000001,3,3
Prague_1,Munich,Prague,1060.0,1064.0,0,3
Munich_0,Munich,Milan,1060.6000000000001,1066.6000000000001,3,3
Paris_0,Munich,Paris,1058.0,1067.0,0,3
Rotterdam_3,Rotterdam,Brussels,1066.6000000000001,1068.6000000000001,3,3
Munich_3,Vienna,Munich,1065.0,1070.0,0,3
Rotterdam_3,Brussels,Rotterdam,1070.4,1072.4,2,3
Munich_0,Milan,Munich,1068.0,1074.0,0,3
Vienna_3,Vienna,Prague,1070.6000000000001,1074.6000000000001,3,3
Brussels_2,Brussels,Paris,1071.0000000000002,1075.0000000000002,3,3
Paris_3,Paris,Munich,1066.6000000000001,1075.6000000000001,3,3
Rotterdam_4,Rotterdam,Hamburg,1073.6000000000001,1078.6000000000001,3,3
Vienna_4,Vienna,Prague,1075.6000000000001,1079.6000000000001,3,3
Vienna_3,Prague,Vienna,1076.0,1080.0,0,3
Brussels_2,Paris,Brussels,1076.4,1080.4,2,3
Paris_4,Paris,Lyon,1077.0000000000002,1082.0000000000002,3,3
Munich_1,Munich,Vienna,1077.8000000000002,1082.8000000000002,3,3
Rotterdam_4,Hamburg,Rotterdam,1080.0,1085.0,0,3
Vienna_4,Prague,Vienna,1081.0,1085.0,0,3
Paris_3,Munich,Paris,1077.2,1086.2,1,3
Paris_4,Lyon,Paris,1083.4,1088.4,2,3
Munich_1,Vienna,Munich,1084.0,1089.0,0,3
Lyon_0,Lyon,Milan,1084.0000000000002,1089.0000000000002,3,3
Paris_1,Paris,Brussels,1086.6000000000001,1090.6000000000001,3,3
Paris_2,Paris,Brussels,1090.6000000000001,1094.6000000000001,3,3
Lyon_0,Milan,Lyon,1090.0,1095.0,0,3
Berlin_2,Berlin,Prague,1091.6000000000001,1095.6000000000001,3,3
Paris_1,Brussels,Paris,1092.0,1096.0,0,3
Paris_2,Brussels,Paris,1096.0,1100.0,0,3
Berlin_2,Prague,Berlin,1097.0,1101.0,0,3
Prague_2,Prague,Munich,1097.6000000000001,1101.6000000000001,3,3
Prague_2,Munich,Prague,1103.0,1107.0,0,3
Munich_4,Munich,Milan,1103.6000000000001,1109.6000000000001,3,3
Munich_4,Milan,Munich,1111.0,1117.0,0,3
Paris_0,Paris,Munich,1118.6000000000001,1127.6000000000001,3,3
Vienna_0,Vienna,Prague,1123.6000000000001,1127.6000000000001,3,3
Lyon_1,Lyon,Paris,1124.6000000000001,1129.6000000000001,3,3
Munich_2,Munich,Paris,1122.6000000000001,1131.6000000000001,3,3
Vienna_0,Prague,Vienna,1129.0,1133.0,0,3
Munich_3,Munich,Vienna,1129.6000000000001,1134.6000000000001,3,3
Berlin_3,Berlin,Prague,1130.6000000000001,1134.6000000000001,3,3
Paris_3,Paris,Brussels,1131.8000000000002,1135.8000000000002,3,3
Lyon_1,Paris,Lyon,1131.2,1136.2,1,3
Paris_0,Munich,Paris,1129.0,1138.0,0,3
Brussels_3,Brussels,Rotterdam,1137.6000000000001,1139.6000000000001,3,3
Berlin_3,Prague,Berlin,1136.0,1140.0,0,3
Prague_3,Prague,Munich,1136.6000000000001,1140.6000000000001,3,3
Munich_3,Vienna,Munich,1136.0,1141.0,0,3
Paris_3,Brussels,Paris,1137.0,1141.0,0,3
Munich_2,Paris,Munich,1133.2,1142.2,1,3
Lyon_2,Lyon,Milan,1137.6000000000001,1142.6000000000001,3,3
Brussels_3,Rotterdam,Brussels,1141.4,1143.4,2,3
Paris_4,Paris,Brussels,1139.6000000000001,1143.6000000000001,3,3
Prague_3,Munich,Prague,1142.0,1146.0,0,3
Rotterdam_0,Rotterdam,Hamburg,1142.0000000000002,1147.0000000000002,3,3
Munich_0,Munich,Milan,1142.6000000000001,1148.6000000000001,3,3
Lyon_2,Milan,Lyon,1144.0,1149.0,0,3
Paris_4,Brussels,Paris,1145.4,1149.4,2,3
Rotterdam_0,Hamburg,Rotterdam,1148.0,1153.0,0,3
Vienna_1,Vienna,Prague,1150.6000000000001,1154.6000000000001,3,3
Paris_1,Paris,Munich,1146.6000000000001,1155.6000000000001,3,3
Munich_0,Milan,Munich,1150.0,1156.0,0,3
Vienna_1,Prague,Vienna,1156.0,1160.0,0,3
Berlin_4,Berlin,Prague,1156.6000000000001,1160.6000000000001,3,3
Munich_1,Munich,Vienna,1157.8000000000002,1162.8000000000002,3,3
Lyon_3,Lyon,Paris,1159.6000000000001,1164.6000000000001,3,3
Berlin_4,Prague,Berlin,1162.0,1166.0,0,3
Paris_1,Munich,Paris,1157.2,1166.2,1,3
Prague_4,Prague,Munich,1162.6000000000001,1166.6000000000001,3,3
Vienna_2,Vienna,Prague,1164.0000000000005,1168.0000000000005,3,3
Paris_2,Paris,Munich,1159.6000000000001,1168.6000000000001,3,3
Munich_1,Vienna,Munich,1164.0,1169.0,0,3
Paris_0,Paris,Brussels,1167.0000000000002,1171.0000000000002,3,3
Lyon_3,Paris,Lyon,1166.4,1171.4,2,3
Prague_4,Munich,Prague,1168.0,1172.0,0,3
Vienna_2,Prague,Vienna,1169.0,1173.0,0,3
Munich_4,Munich,Milan,1168.6000000000001,1174.6000000000001,3,3
Brussels_4,Brussels,Rotterdam,1172.6000000000001,1174.6000000000001,3,3
Munich_3,Munich,Vienna,1170.6000000000001,1175.6000000000001,3,3
Paris_0,Brussels,Paris,1172.0,1176.0,0,3
Brussels_4,Rotterdam,Brussels,1176.4,1178.4,2,3
Paris_2,Munich,Paris,1170.0,1179.0,0,3
Munich_4,Milan,Munich,1176.0,1182.0,0,3
Munich_3,Vienna,Munich,1177.0,1182.0,0,3
Rotterdam_1,Rotterdam,Hamburg,1177.0000000000002,1182.0000000000002,3,3
Rotterdam_1,Hamburg,Rotterdam,1183.0,1188.0,0,3
Vienna_3,Vienna,Prague,1192.6000000000001,1196.6000000000001,3,3
Vienna_3,Prague,Vienna,1198.0,1202.0,0,3
Munich_2,Munich,Paris,1196.6000000000001,1205.6000000000001,3,3
Berlin_0,Berlin,Prague,1202.6000000000001,1206.6000000000001,3,3
Berlin_0,Prague,Berlin,1208.0,1212.0,0,3
Prague_0,Prague,Munich,1208.6000000000001,1212.6000000000001,3,3
Munich_2,Paris,Munich,1207.4,1216.4,2,3
Munich_0,Munich,Paris,1207.6000000000001,1216.6000000000001,3,3
Vienna_4,Vienna,Prague,1212.6000000000001,1216.6000000000001,3,3
Prague_0,Munich,Prague,1214.0,1218.0,0,3
Munich_1,Munich,Milan,1214.6000000000001,1220.6000000000001,3,3
Vienna_4,Prague,Vienna,1218.0,1222.0,0,3
Lyon_4,Lyon,Paris,1217.6000000000001,1222.6000000000001,3,3
Munich_4,Munich,Vienna,1217.6000000000001,1222.6000000000001,3,3
Munich_0,Paris,Munich,1218.0,1227.0,0,3
Paris_3,Paris,Brussels,1223.8000000000004,1227.8000000000004,3,3
Munich_1,Milan,Munich,1222.0,1228.0,0,3
Munich_4,Vienna,Munich,1224.0,1229.0,0,3
Lyon_4,Paris,Lyon,1224.0,1229.0,0,3
Brussels_0,Brussels,Rotterdam,1230.0000000000002,1232.0000000000002,3,3
Paris_3,Brussels,Paris,1229.4,1233.4,2,3
Rotterdam_2,Rotterdam,Brussels,1231.6000000000001,1233.6000000000001,3,3
Brussels_0,Rotterdam,Brussels,1233.0,1235.0,0,3
Rotterdam_2,Brussels,Rotterdam,1235.0,1237.0,0,3
Rotterdam_3,Rotterdam,Hamburg,1233.6000000000001,1238.6000000000001,3,3
Brussels_1,Brussels,Paris,1235.6000000000001,1239.6000000000001,3,3
Rotterdam_3,Hamburg,Rotterdam,1240.0,1245.0,0,3
Brussels_1,Paris,Brussels,1241.4,1245.4,2,3
Paris_4,Paris,Lyon,1240.8000000000004,1245.8000000000004,3,3
Paris_1,Paris,Munich,1242.6000000000001,1251.6000000000001,3,3
Paris_4,Lyon,Paris,1247.4,1252.4,2,3
Lyon_0,Lyon,Milan,1248.0000000000002,1253.0000000000002,3,3
Vienna_0,Vienna,Prague,1251.6000000000001,1255.6000000000001,3,3
Munich_3,Munich,Paris,1247.6000000000001,1256.6000000000001,3,3
Munich_2,Munich,Vienna,1253.8000000000002,1258.8000000000002,3,3
Lyon_0,Milan,Lyon,1254.0,1259.0,0,3
Vienna_0,Prague,Vienna,1257.0,1261.0,0,3
Paris_1,Munich,Paris,1253.2,1262.2,1,3
Munich_2,Vienna,Munich,1260.0,1265.0,0,3
Munich_3,Paris,Munich,1258.0,1267.0,0,3
Berlin_1,Berlin,Prague,1263.6000000000001,1267.6000000000001,3,3
Paris_0,Paris,Brussels,1268.6000000000001,1272.6000000000001,3,3
Berlin_1,Prague,Berlin,1269.0,1273.0,0,3
Prague_1,Prague,Munich,1269.6000000000001,1273.6000000000001,3,3
Vienna_1,Vienna,Prague,1270.6000000000001,1274.6000000000001,3,3
Brussels_2,Brussels,Rotterdam,1274.6000000000001,1276.6000000000001,3,3
Paris_0,Brussels,Paris,1274.0,1278.0,0,3
Berlin_2,Berlin,Prague,1274.6000000000001,1278.6000000000001,3,3
Prague_1,Munich,Prague,1275.0,1279.0,0,3
Vienna_1,Prague,Vienna,1276.0,1280.0,0,3
Brussels_2,Rotterdam,Brussels,1278.4,1280.4,2,3
Munich_0,Munich,Milan,1275.6000000000001,1281.6000000000001,3,3
Berlin_2,Prague,Berlin,1280.0,1284.0,0,3
Rotterdam_4,Rotterdam,Hamburg,1279.0000000000002,1284.0000000000002,3,3
Prague_2,Prague,Munich,1280.6000000000001,1284.6000000000001,3,3
Munich_0,Milan,Munich,1283.0,1289.0,0,3
Rotterdam_4,Hamburg,Rotterdam,1285.0,1290.0,0,3
Prague_2,Munich,Prague,1286.0,1290.0,0,3
Munich_1,Munich,Milan,1286.6000000000001,1292.6000000000001,3,3
Munich_1,Milan,Munich,1294.0,1300.0,0,3
Vienna_2,Vienna,Prague,1304.6000000000001,1308.6000000000001,3,3
Vienna_2,Prague,Vienna,1310.0,1314.0,0,3
Berlin_3,Berlin,Prague,1310.6000000000001,1314.6000000000001,3,3
Paris_2,Paris,Munich,1307.6000000000001,1316.6000000000001,3,3
Berlin_3,Prague,Berlin,1316.0,1320.0,0,3
Prague_3,Prague,Munich,1316.6000000000001,1320.6000000000001,3,3
Munich_4,Munich,Vienna,1318.6000000000001,1323.6000000000001,3,3
Prague_3,Munich,Prague,1322.0,1326.0,0,3
Paris_2,Munich,Paris,1318.0,1327.0,0,3
Munich_2,Munich,Milan,1322.6000000000001,1328.6000000000001,3,3
Munich_4,Vienna,Munich,1325.0,1330.0,0,3
Munich_2,Milan,Munich,1330.0,1336.0,0,3
Lyon_1,Lyon,Paris,1332.6000000000001,1337.6000000000001,3,3
Vienna_3,Vienna,Prague,1335.6000000000001,1339.6000000000001,3,3
Paris_3,Paris,Brussels,1335.6000000000001,1339.6000000000001,3,3
Paris_4,Paris,Brussels,1340.0000000000002,1344.0000000000002,3,3
Lyon_1,Paris,Lyon,1339.4,1344.4,2,3
Vienna_3,Prague,Vienna,1341.0,1345.0,0,3
Paris_3,Brussels,Paris,1341.4,1345.4,2,3
Brussels_3,Brussels,Rotterdam,1345.6000000000001,1347.6000000000001,3,3
Paris_4,Brussels,Paris,1345.0,1349.0,0,3
Lyon_2,Lyon,Milan,1345.6000000000001,1350.6000000000001,3,3
Brussels_3,Rotterdam,Brussels,1349.0,1351.0,0,3
Rotterdam_0,Rotterdam,Hamburg,1349.6000000000001,1354.6000000000001,3,3
Lyon_2,Milan,Lyon,1352.0,1357.0,0,3
Vienna_4,Vienna,Prague,1356.6000000000001,1360.6000000000001,3,3
Rotterdam_0,Hamburg,Rotterdam,1356.0,1361.0,0,3
Vienna_4,Prague,Vienna,1362.0,1366.0,0,3
Paris_1,Paris,Munich,1357.6000000000001,1366.6000000000001,3,3
Berlin_4,Berlin,Prague,1364.6000000000001,1368.6000000000001,3,3
Berlin_4,Prague,Berlin,1370.0,1374.0,0,3
Munich_3,Munich,Vienna,1369.0000000000002,1374.0000000000002,3,3
Prague_4,Prague,Munich,1370.6000000000001,1374.6000000000001,3,3
Paris_1,Munich,Paris,1368.4,1377.4,2,3
Munich_3,Vienna,Munich,1375.0,1380.0,0,3
Prague_4,Munich,Prague,1376.0,1380.0,0,3
Vienna_0,Vienna,Prague,1377.6000000000001,1381.6000000000001,3,3
Munich_0,Munich,Milan,1376.6000000000001,1382.6000000000001,3,3
Vienna_1,Vienna,Prague,1380.6000000000001,1384.6000000000001,3,3
Vienna_0,Prague,Vienna,1383.0,1387.0,0,3
Munich_0,Milan,Munich,1384.0,1390.0,0,3
Vienna_1,Prague,Vienna,1386.0,1390.0,0,3
Rotterdam_1,Rotterdam,Brussels,1392.6000000000001,1394.6000000000001,3,3
Berlin_0,Berlin,Prague,1393.6000000000001,1397.6000000000001,3,3
Rotterdam_1,Brussels,Rotterdam,1396.2,1398.2,1,3
Brussels_4,Brussels,Paris,1396.8000000000002,1400.8000000000002,3,3
Vienna_2,Vienna,Prague,1398.6000000000001,1402.6000000000001,3,3
Berlin_0,Prague,Berlin,1399.0,1403.0,0,3
Prague_0,Prague,Munich,1399.6000000000001,1403.6000000000001,3,3
Brussels_4,Paris,Brussels,1402.2,1406.2,1,3
Paris_0,Paris,Lyon,1402.8000000000002,1407.8000000000002,3,3
Vienna_2,Prague,Vienna,1404.0,1408.0,0,3
Prague_0,Munich,Prague,1405.0,1409.0,0,3
Munich_1,Munich,Paris,1402.6000000000001,1411.6000000000001,3,3
Munich_4,Munich,Milan,1405.6000000000001,1411.6000000000001,3,3
Paris_0,Lyon,Paris,1409.4,1414.4,2,3
Lyon_3,Lyon,Milan,1410.0000000000002,1415.0000000000002,3,3
Munich_4,Milan,Munich,1413.0,1419.0,0,3
Paris_2,Paris,Munich,1411.6000000000001,1420.6000000000001,3,3
Lyon_3,Milan,Lyon,1416.0,1421.0,0,3
Munich_1,Paris,Munich,1413.0,1422.0,0,3
Rotterdam_2,Rotterdam,Brussels,1425.6000000000001,1427.6000000000001,3,3
Munich_2,Munich,Vienna,1422.8000000000002,1427.8000000000002,3,3
Rotterdam_2,Brussels,Rotterdam,1429.0,1431.0,0,3
Paris_2,Munich,Paris,1422.2,1431.2,1,3
Brussels_0,Brussels,Paris,1429.6000000000001,1433.6000000000001,3,3
Munich_2,Vienna,Munich,1429.0,1434.0,0,3
Vienna_3,Vienna,Prague,1432.6000000000001,1436.6000000000001,3,3
Brussels_0,Paris,Brussels,1435.4,1439.4,2,3
Paris_3,Paris,Lyon,1434.8000000000004,1439.8000000000004,3,3
Vienna_3,Prague,Vienna,1438.0,1442.0,0,3
Berlin_1,Berlin,Prague,1440.6000000000001,1444.6000000000001,3,3
Paris_3,Lyon,Paris,1441.0,1446.0,0,3
Lyon_4,Lyon,Milan,1441.6000000000001,1446.6000000000001,3,3
Berlin_1,Prague,Berlin,1446.0,1450.0,0,3
Prague_1,Prague,Munich,1446.6000000000001,1450.6000000000001,3,3
Lyon_4,Milan,Lyon,1448.0,1453.0,0,3
Paris_4,Paris,Munich,1444.6000000000001,1453.6000000000001,3,3
Prague_1,Munich,Prague,1452.0,1456.0,0,3
Munich_3,Munich,Milan,1452.6000000000001,1458.6000000000001,3,3
Munich_0,Munich,Vienna,1455.6000000000001,1460.6000000000001,3,3
Paris_4,Munich,Paris,1455.0,1464.0,0,3
Munich_3,Milan,Munich,1460.0,1466.0,0,3
Munich_0,Vienna,Munich,1462.0,1467.0,0,3
Vienna_4,Vienna,Prague,1463.6000000000001,1467.6000000000001,3,3
Lyon_0,Lyon,Paris,1463.6000000000001,1468.6000000000001,3,3
Vienna_0,Vienna,Prague,1464.6000000000001,1468.6000000000001,3,3
Berlin_2,Berlin,Prague,1467.6000000000001,1471.6000000000001,3,3
Vienna_4,Prague,Vienna,1469.0,1473.0,0,3
Paris_1,Paris,Brussels,1469.8000000000004,1473.8000000000004,3,3
Vienna_0,Prague,Vienna,1470.0,1474.0,0,3
Lyon_0,Paris,Lyon,1470.4,1475.4,2,3
Berlin_3,Berlin,Prague,1472.6000000000001,1476.6000000000001,3,3
Berlin_2,Prague,Berlin,1473.0,1477.0,0,3
Prague_2,Prague,Munich,1473.6000000000001,1477.6000000000001,3,3
Brussels_1,Brussels,Rotterdam,1475.6000000000001,1477.6000000000001,3,3
Paris_1,Brussels,Paris,1475.0,1479.0,0,3
Brussels_1,Rotterdam,Brussels,1479.0,1481.0,0,3
Lyon_1,Lyon,Milan,1476.6000000000001,1481.6000000000001,3,3
Berlin_3,Prague,Berlin,1478.0,1482.0,0,3
Prague_3,Prague,Munich,1478.6000000000001,1482.6000000000001,3,3
Prague_2,Munich,Prague,1479.0,1483.0,0,3
Rotterdam_3,Rotterdam,Hamburg,1479.6000000000001,1484.6000000000001,3,3
Munich_4,Munich,Milan,1479.6000000000001,1485.6000000000001,3,3
Lyon_2,Lyon,Paris,1482.6000000000001,1487.6000000000001,3,3
Lyon_1,Milan,Lyon,1483.0,1488.0,0,3
Prague_3,Munich,Prague,1484.0,1488.0,0,3
Munich_1,Munich,Milan,1484.6000000000001,1490.6000000000001,3,3
Rotterdam_3,Hamburg,Rotterdam,1486.0,1491.0,0,3
Paris_0,Paris,Brussels,1488.8000000000004,1492.8000000000004,3,3
Munich_4,Milan,Munich,1487.0,1493.0,0,3
Lyon_2,Paris,Lyon,1489.0,1494.0,0,3
Vienna_1,Vienna,Prague,1492.6000000000001,1496.6000000000001,3,3
Brussels_2,Brussels,Rotterdam,1494.6000000000001,1496.6000000000001,3,3
Munich_1,Milan,Munich,1492.0,1498.0,0,3
Paris_0,Brussels,Paris,1494.0,1498.0,0,3
Brussels_2,Rotterdam,Brussels,1498.0,1500.0,0,3
Vienna_1,Prague,Vienna,1498.0,1502.0,0,3
Paris_2,Paris,Brussels,1498.6000000000001,1502.6000000000001,3,3
Rotterdam_4,Rotterdam,Hamburg,1498.6000000000001,1503.6000000000001,3,3
Paris_2,Brussels,Paris,1504.0,1508.0,0,3
Paris_3,Paris,Munich,1500.6000000000001,1509.6000000000001,3,3
Rotterdam_4,Hamburg,Rotterdam,1505.0,1510.0,0,3
Munich_2,Munich,Vienna,1512.0000000000002,1517.0000000000002,3,3
Paris_3,Munich,Paris,1511.4,1520.4,2,3
Munich_2,Vienna,Munich,1518.0,1523.0,0,3
Berlin_4,Berlin,Prague,1522.6000000000001,1526.6000000000001,3,3
Berlin_4,Prague,Berlin,1528.0,1532.0,0,3
Prague_4,Prague,Munich,1528.6000000000001,1532.6000000000001,3,3
Prague_4,Munich,Prague,1534.0,1538.0,0,3
Vienna_2,Vienna,Prague,1534.6000000000001,1538.6000000000001,3,3
Munich_3,Munich,Milan,1534.6000000000001,1540.6000000000001,3,3
Paris_4,Paris,Munich,1532.6000000000001,1541.6000000000001,3,3
Vienna_2,Prague,Vienna,1540.0,1544.0,0,3
Munich_0,Munich,Paris,1536.6000000000001,1545.6000000000001,3,3
Munich_3,Milan,Munich,1542.0,1548.0,0,3
Munich_4,Munich,Vienna,1543.6000000000001,1548.6000000000001,3,3
Paris_4,Munich,Paris,1543.0,1552.0,0,3
Lyon_3,Lyon,Paris,1549.6000000000001,1554.6000000000001,3,3
Munich_4,Vienna,Munich,1550.0,1555.0,0,3
Paris_1,Paris,Munich,1546.8000000000004,1555.8000000000004,3,3
Munich_0,Paris,Munich,1547.0,1556.0,0,3
Vienna_3,Vienna,Prague,1555.6000000000001,1559.6000000000001,3,3
Paris_0,Paris,Brussels,1555.8000000000004,1559.8000000000004,3,3
Lyon_3,Paris,Lyon,1556.0,1561.0,0,3
Munich_1,Munich,Vienna,1557.6000000000001,1562.6000000000001,3,3
Brussels_3,Brussels,Rotterdam,1561.6000000000001,1563.6000000000001,3,3
Vienna_3,Prague,Vienna,1561.0,1565.0,0,3
Paris_0,Brussels,Paris,1561.0,1565.0,0,3
Paris_1,Munich,Paris,1557.0,1566.0,0,3
Brussels_3,Rotterdam,Brussels,1565.4,1567.4,2,3
Vienna_4,Vienna,Prague,1564.6000000000001,1568.6000000000001,3,3
Munich_1,Vienna,Munich,1564.0,1569.0,0,3
Rotterdam_0,Rotterdam,Hamburg,1566.0000000000002,1571.0000000000002,3,3
Berlin_0,Berlin,Prague,1569.6000000000001,1573.6000000000001,3,3
Vienna_4,Prague,Vienna,1570.0,1574.0,0,3
Paris_2,Paris,Brussels,1572.6000000000001,1576.6000000000001,3,3
Rotterdam_0,Hamburg,Rotterdam,1572.0,1577.0,0,3
Berlin_0,Prague,Berlin,1575.0,1579.0,0,3
Prague_0,Prague,Munich,1575.6000000000001,1579.6000000000001,3,3
Rotterdam_1,Rotterdam,Brussels,1579.6000000000001,1581.6000000000001,3,3
Paris_2,Brussels,Paris,1578.4,1582.4,2,3
Prague_0,Munich,Prague,1581.0,1585.0,0,3
Rotterdam_1,Brussels,Rotterdam,1583.4,1585.4,2,3
Paris_3,Paris,Munich,1578.6000000000001,1587.6000000000001,3,3
Munich_2,Munich,Milan,1581.6000000000001,1587.6000000000001,3,3
Brussels_4,Brussels,Paris,1584.0000000000002,1588.0000000000002,3,3
Rotterdam_2,Rotterdam,Hamburg,1586.6000000000001,1591.6000000000001,3,3
Brussels_4,Paris,Brussels,1589.2,1593.2,1,3
Munich_3,Munich,Vienna,1589.8000000000002,1594.8000000000002,3,3
Paris_4,Paris,Lyon,1589.8000000000002,1594.8000000000002,3,3
Munich_2,Milan,Munich,1589.0,1595.0,0,3
Rotterdam_2,Hamburg,Rotterdam,1593.0,1598.0,0,3
Paris_3,Munich,Paris,1589.2,1598.2,1,3
Vienna_0,Vienna,Prague,1596.0000000000005,1600.0000000000005,3,3
Munich_3,Vienna,Munich,1596.0,1601.0,0,3
Paris_4,Lyon,Paris,1596.4,1601.4,2,3
Lyon_4,Lyon,Milan,1597.0000000000002,1602.0000000000002,3,3
Vienna_0,Prague,Vienna,1601.0,1605.0,0,3
Lyon_4,Milan,Lyon,1603.0,1608.0,0,3
Paris_0,Paris,Brussels,1606.6000000000001,1610.6000000000001,3,3
Paris_0,Brussels,Paris,1612.0,1616.0,0,3
Berlin_1,Berlin,Prague,1614.6000000000001,1618.6000000000001,3,3
Vienna_1,Vienna,Prague,1616.6000000000001,1620.6000000000001,3,3
Berlin_1,Prague,Berlin,1620.0,1624.0,0,3
Prague_1,Prague,Munich,1620.6000000000001,1624.6000000000001,3,3
Vienna_1,Prague,Vienna,1622.0,1626.0,0,3
Munich_4,Munich,Paris,1619.6000000000001,1628.6000000000001,3,3
Prague_1,Munich,Prague,1626.0,1630.0,0,3
Paris_1,Paris,Munich,1621.6000000000001,1630.6000000000001,3,3
Vienna_2,Vienna,Prague,1626.6000000000001,1630.6000000000001,3,3
Munich_0,Munich,Milan,1626.6000000000001,1632.6000000000001,3,3
Vienna_2,Prague,Vienna,1632.0,1636.0,0,3
Munich_1,Munich,Vienna,1632.8000000000002,1637.8000000000002,3,3
Munich_4,Paris,Munich,1630.2,1639.2,1,3
Paris_2,Paris,Brussels,1635.6000000000001,1639.6000000000001,3,3
Munich_0,Milan,Munich,1634.0,1640.0,0,3
Paris_1,Munich,Paris,1632.2,1641.2,1,3
Vienna_3,Vienna,Prague,1639.6000000000001,1643.6000000000001,3,3
Munich_1,Vienna,Munich,1639.0,1644.0,0,3
Paris_2,Brussels,Paris,1641.0,1645.0,0,3
Rotterdam_3,Rotterdam,Brussels,1643.6000000000001,1645.6000000000001,3,3
Vienna_3,Prague,Vienna,1645.0,1649.0,0,3
Rotterdam_3,Brussels,Rotterdam,1647.4,1649.4,2,3
Brussels_0,Brussels,Paris,1648.0000000000002,1652.0000000000002,3,3
Brussels_0,Paris,Brussels,1653.0,1657.0,0,3
Berlin_2,Berlin,Prague,1653.6000000000001,1657.6000000000001,3,3
Paris_4,Paris,Lyon,1653.6000000000001,1658.6000000000001,3,3
Paris_3,Paris,Munich,1651.6000000000001,1660.6000000000001,3,3
Berlin_2,Prague,Berlin,1659.0,1663.0,0,3
Prague_2,Prague,Munich,1659.6000000000001,1663.6000000000001,3,3
Paris_4,Lyon,Paris,1660.4,1665.4,2,3
Lyon_0,Lyon,Milan,1661.0000000000002,1666.0000000000002,3,3
Berlin_3,Berlin,Prague,1662.6000000000001,1666.6000000000001,3,3
Munich_3,Munich,Vienna,1662.6000000000001,1667.6000000000001,3,3
Prague_2,Munich,Prague,1665.0,1669.0,0,3
Munich_2,Munich,Paris,1660.6000000000001,1669.6000000000001,3,3
Paris_3,Munich,Paris,1662.0,1671.0,0,3
Munich_4,Munich,Milan,1665.6000000000001,1671.6000000000001,3,3
Lyon_0,Milan,Lyon,1667.0,1672.0,0,3
Berlin_3,Prague,Berlin,1668.0,1672.0,0,3
Prague_3,Prague,Munich,1668.6000000000001,1672.6000000000001,3,3
Munich_3,Vienna,Munich,1669.0,1674.0,0,3
Prague_3,Munich,Prague,1674.0,1678.0,0,3
Munich_4,Milan,Munich,1673.0,1679.0,0,3
Munich_2,Paris,Munich,1671.0,1680.0,0,3
Munich_0,Munich,Milan,1674.6000000000001,1680.6000000000001,3,3
Vienna_4,Vienna,Prague,1679.6000000000001,1683.6000000000001,3,3
Munich_0,Milan,Munich,1682.0,1688.0,0,3
Vienna_4,Prague,Vienna,1685.0,1689.0,0,3
Vienna_0,Vienna,Prague,1685.6000000000001,1689.6000000000001,3,3
Vienna_0,Prague,Vienna,1691.0,1695.0,0,3
Vienna_1,Vienna,Prague,1693.6000000000001,1697.6000000000001,3,3
Berlin_4,Berlin,Prague,1694.6000000000001,1698.6000000000001,3,3
Vienna_1,Prague,Vienna,1699.0,1703.0,0,3
Berlin_4,Prague,Berlin,1700.0,1704.0,0,3
Prague_4,Prague,Munich,1700.6000000000001,1704.6000000000001,3,3
Paris_0,Paris,Munich,1697.6000000000001,1706.6000000000001,3,3
Berlin_0,Berlin,Prague,1705.6000000000001,1709.6000000000001,3,3
Prague_4,Munich,Prague,1706.0,1710.0,0,3
Vienna_2,Vienna,Prague,1707.6000000000001,1711.6000000000001,3,3
Munich_1,Munich,Milan,1706.6000000000001,1712.6000000000001,3,3
Munich_3,Munich,Vienna,1709.0000000000002,1714.0000000000002,3,3
Lyon_1,Lyon,Paris,1709.6000000000001,1714.6000000000001,3,3
Berlin_0,Prague,Berlin,1711.0,1715.0,0,3
Prague_0,Prague,Munich,1711.6000000000001,1715.6000000000001,3,3
Vienna_2,Prague,Vienna,1713.0,1717.0,0,3
Paris_0,Munich,Paris,1708.4,1717.4,2,3
Paris_1,Paris,Brussels,1715.8000000000004,1719.8000000000004,3,3
Munich_1,Milan,Munich,1714.0,1720.0,0,3
Munich_3,Vienna,Munich,1715.0,1720.0,0,3
Prague_0,Munich,Prague,1717.0,1721.0,0,3
Lyon_1,Paris,Lyon,1716.4,1721.4,2,3
Munich_4,Munich,Milan,1717.6000000000001,1723.6000000000001,3,3
Paris_2,Paris,Brussels,1719.6000000000001,1723.6000000000001,3,3
Brussels_1,Brussels,Rotterdam,1721.6000000000001,1723.6000000000001,3,3
Rotterdam_4,Rotterdam,Brussels,1722.6000000000001,1724.6000000000001,3,3
Paris_1,Brussels,Paris,1721.0,1725.0,0,3
Brussels_1,Rotterdam,Brussels,1725.0,1727.0,0,3
Rotterdam_4,Brussels,Rotterdam,1726.4,1728.4,2,3
Paris_2,Brussels,Paris,1725.4000000000003,1729.4000000000003,1,3
Rotterdam_0,Rotterdam,Hamburg,1724.8000000000004,1729.8000000000004,3,3
Munich_4,Milan,Munich,1725.0,1731.0,0,3
Rotterdam_1,Rotterdam,Hamburg,1729.6000000000001,1734.6000000000001,3,3
Rotterdam_0,Hamburg,Rotterdam,1731.0,1736.0,0,3
Vienna_3,Vienna,Prague,1734.6000000000001,1738.6000000000001,3,3
Berlin_1,Berlin,Prague,1734.6000000000001,1738.6000000000001,3,3
Rotterdam_1,Hamburg,Rotterdam,1736.0,1741.0,0,3
Paris_4,Paris,Munich,1733.6000000000001,1742.6000000000001,3,3
Vienna_3,Prague,Vienna,1740.0,1744.0,0,3
Berlin_1,Prague,Berlin,1740.0,1744.0,0,3
Prague_1,Prague,Munich,1740.6000000000001,1744.6000000000001,3,3
Prague_1,Munich,Prague,1746.0,1750.0,0,3
Munich_2,Munich,Vienna,1745.0000000000002,1750.0000000000002,3,3
Lyon_2,Lyon,Paris,1746.6000000000001,1751.6000000000001,3,3
Munich_0,Munich,Milan,1746.6000000000001,1752.6000000000001,3,3
Paris_4,Munich,Paris,1744.4,1753.4,2,3
Vienna_4,Vienna,Prague,1749.6000000000001,1753.6000000000001,3,3
Vienna_0,Vienna,Prague,1751.6000000000001,1755.6000000000001,3,3
Munich_2,Vienna,Munich,1751.0,1756.0,0,3
Paris_3,Paris,Brussels,1753.8000000000002,1757.8000000000002,3,3
Lyon_2,Paris,Lyon,1753.2,1758.2,1,3
Vienna_4,Prague,Vienna,1755.0,1759.0,0,3
Munich_0,Milan,Munich,1754.0,1760.0,0,3
Vienna_0,Prague,Vienna,1757.0,1761.0,0,3
Paris_3,Brussels,Paris,1759.4,1763.4,2,3
Lyon_3,Lyon,Milan,1759.6000000000001,1764.6000000000001,3,3
Vienna_1,Vienna,Prague,1766.6000000000001,1770.6000000000001,3,3
Lyon_3,Milan,Lyon,1766.0,1771.0,0,3
Vienna_1,Prague,Vienna,1772.0,1776.0,0,3
Paris_0,Paris,Munich,1769.6000000000001,1778.6000000000001,3,3
Munich_1,Munich,Vienna,1781.0000000000002,1786.0000000000002,3,3
Paris_0,Munich,Paris,1780.4,1789.4,2,3
Munich_1,Vienna,Munich,1787.0,1792.0,0,3
Vienna_2,Vienna,Prague,1794.6000000000001,1798.6000000000001,3,3
Lyon_4,Lyon,Paris,1798.6000000000001,1803.6000000000001,3,3
Paris_1,Paris,Brussels,1799.6000000000001,1803.6000000000001,3,3
Vienna_2,Prague,Vienna,1800.0,1804.0,0,3
Rotterdam_2,Rotterdam,Brussels,1803.6000000000001,1805.6000000000001,3,3
Brussels_2,Brussels,Rotterdam,1805.6000000000001,1807.6000000000001,3,3
Paris_1,Brussels,Paris,1805.0,1809.0,0,3
Rotterdam_2,Brussels,Rotterdam,1807.0,1809.0,0,3
Paris_2,Paris,Brussels,1806.0000000000002,1810.0000000000002,3,3
Lyon_4,Paris,Lyon,1805.4,1810.4,2,3
Brussels_2,Rotterdam,Brussels,1809.0,1811.0,0,3
Brussels_3,Brussels,Paris,1807.6000000000001,1811.6000000000001,3,3
Brussels_4,Brussels,Rotterdam,1811.6000000000001,1813.6000000000001,3,3
Rotterdam_3,Rotterdam,Hamburg,1809.6000000000001,1814.6000000000001,3,3
Paris_2,Brussels,Paris,1811.0,1815.0,0,3
Vienna_3,Vienna,Prague,1811.6000000000001,1815.6000000000001,3,3
Berlin_2,Berlin,Prague,1812.6000000000001,1816.6000000000001,3,3
Brussels_3,Paris,Brussels,1813.0,1817.0,0,3
Brussels_4,Rotterdam,Brussels,1815.0,1817.0,0,3
Paris_4,Paris,Lyon,1813.6000000000001,1818.6000000000001,3,3
Rotterdam_4,Rotterdam,Hamburg,1815.6000000000001,1820.6000000000001,3,3
Rotterdam_3,Hamburg,Rotterdam,1816.0,1821.0,0,3
Vienna_3,Prague,Vienna,1817.0,1821.0,0,3
Berlin_2,Prague,Berlin,1818.0,1822.0,0,3
Prague_2,Prague,Munich,1818.6000000000001,1822.6000000000001,3,3
Lyon_0,Lyon,Milan,1819.8000000000004,1824.8000000000004,3,3
Paris_4,Lyon,Paris,1820.2,1825.2,1,3
Rotterdam_4,Hamburg,Rotterdam,1822.0,1827.0,0,3
Prague_2,Munich,Prague,1824.0,1828.0,0,3
Paris_3,Paris,Munich,1821.6000000000001,1830.6000000000001,3,3
Munich_3,Munich,Milan,1824.6000000000001,1830.6000000000001,3,3
Paris_0,Paris,Brussels,1826.6000000000001,1830.6000000000001,3,3
Lyon_0,Milan,Lyon,1826.0,1831.0,0,3
Munich_4,Munich,Paris,1825.2000000000003,1834.2000000000003,3,3
Paris_0,Brussels,Paris,1832.0,1836.0,0,3
Munich_0,Munich,Vienna,1832.6000000000001,1837.6000000000001,3,3
Munich_3,Milan,Munich,1832.0,1838.0,0,3
Munich_2,Munich,Paris,1830.6000000000001,1839.6000000000001,3,3
Paris_3,Munich,Paris,1832.0,1841.0,0,3
Vienna_4,Vienna,Prague,1839.6000000000001,1843.6000000000001,3,3
Munich_0,Vienna,Munich,1839.0,1844.0,0,3
Munich_4,Paris,Munich,1835.4,1844.4,2,3
Berlin_3,Berlin,Prague,1844.6000000000001,1848.6000000000001,3,3
Vienna_4,Prague,Vienna,1845.0,1849.0,0,3
Munich_2,Paris,Munich,1841.0,1850.0,0,3
Munich_1,Munich,Vienna,1845.6000000000001,1850.6000000000001,3,3
Berlin_3,Prague,Berlin,1850.0,1854.0,0,3
Prague_3,Prague,Munich,1850.6000000000001,1854.6000000000001,3,3
Munich_1,Vienna,Munich,1852.0,1857.0,0,3
Vienna_0,Vienna,Prague,1855.6000000000001,1859.6000000000001,3,3
Prague_3,Munich,Prague,1856.0,1860.0,0,3
Munich_3,Munich,Milan,1856.6000000000001,1862.6000000000001,3,3
Vienna_0,Prague,Vienna,1861.0,1865.0,0,3
Munich_3,Milan,Munich,1864.0,1870.0,0,3
Munich_0,Munich,Paris,1866.6000000000001,1875.6000000000001,3,3
Vienna_1,Vienna,Prague,1875.6000000000001,1879.6000000000001,3,3
Vienna_1,Prague,Vienna,1881.0,1885.0,0,3
Munich_0,Paris,Munich,1877.4,1886.4,2,3
Vienna_2,Vienna,Prague,1883.6000000000001,1887.6000000000001,3,3
Lyon_1,Lyon,Paris,1883.6000000000001,1888.6000000000001,3,3
Vienna_2,Prague,Vienna,1889.0,1893.0,0,3
Rotterdam_0,Rotterdam,Brussels,1891.6000000000001,1893.6000000000001,3,3
Paris_1,Paris,Brussels,1890.6000000000001,1894.6000000000001,3,3
Lyon_1,Paris,Lyon,1890.0,1895.0,0,3
Vienna_3,Vienna,Prague,1891.6000000000001,1895.6000000000001,3,3
Rotterdam_0,Brussels,Rotterdam,1895.6000000000004,1897.6000000000004,2,3
Paris_1,Brussels,Paris,1896.0,1900.0,0,3
Brussels_0,Brussels,Paris,1896.2000000000005,1900.2000000000005,3,3
Vienna_3,Prague,Vienna,1897.0,1901.0,0,3
Munich_4,Munich,Paris,1893.6000000000001,1902.6000000000001,3,3
Berlin_4,Berlin,Prague,1899.6000000000001,1903.6000000000001,3,3
Rotterdam_1,Rotterdam,Hamburg,1899.6000000000001,1904.6000000000001,3,3
Brussels_0,Paris,Brussels,1901.0,1905.0,0,3
Paris_2,Paris,Lyon,1901.6000000000001,1906.6000000000001,3,3
Berlin_4,Prague,Berlin,1905.0,1909.0,0,3
Prague_4,Prague,Munich,1905.6000000000001,1909.6000000000001,3,3
Rotterdam_1,Hamburg,Rotterdam,1906.0,1911.0,0,3
Lyon_2,Lyon,Milan,1907.8000000000004,1912.8000000000004,3,3
Munich_4,Paris,Munich,1904.4,1913.4,2,3
Paris_2,Lyon,Paris,1908.4,1913.4,2,3
Vienna_4,Vienna,Prague,1910.6000000000001,1914.6000000000001,3,3
Prague_4,Munich,Prague,1911.0,1915.0,0,3
Munich_2,Munich,Milan,1911.6000000000001,1917.6000000000001,3,3
Paris_4,Paris,Brussels,1914.6000000000001,1918.6000000000001,3,3
Lyon_2,Milan,Lyon,1914.0,1919.0,0,3
Munich_3,Munich,Vienna,1914.6000000000001,1919.6000000000001,3,3
Vienna_4,Prague,Vienna,1916.0,1920.0,0,3
Munich_1,Munich,Paris,1912.2000000000003,1921.2000000000003,3,3
Brussels_1,Brussels,Rotterdam,1920.6000000000001,1922.6000000000001,3,3
Paris_4,Brussels,Paris,1920.0,1924.0,0,3
Munich_2,Milan,Munich,1919.0,1925.0,0,3
Munich_3,Vienna,Munich,1921.0,1926.0,0,3
Brussels_1,Rotterdam,Brussels,1924.2,1926.2,1,3
Paris_0,Paris,Munich,1917.6000000000001,1926.6000000000001,3,3
Rotterdam_2,Rotterdam,Hamburg,1924.8000000000002,1929.8000000000002,3,3
Munich_1,Paris,Munich,1922.2,1931.2,1,3
Munich_0,Munich,Vienna,1929.0000000000002,1934.0000000000002,3,3
Rotterdam_2,Hamburg,Rotterdam,1931.0,1936.0,0,3
Paris_0,Munich,Paris,1928.4,1937.4,2,3
Paris_3,Paris,Munich,1930.6000000000001,1939.6000000000001,3,3
Vienna_0,Vienna,Prague,1935.6000000000001,1939.6000000000001,3,3
Munich_0,Vienna,Munich,1935.0,1940.0,0,3
Vienna_0,Prague,Vienna,1941.0,1945.0,0,3
Munich_4,Munich,Vienna,1940.8000000000004,1945.8000000000004,3,3
Paris_3,Munich,Paris,1941.0,1950.0,0,3
Munich_2,Munich,Paris,1941.4000000000005,1950.4000000000005,3,3
Munich_4,Vienna,Munich,1947.0,1952.0,0,3
Vienna_1,Vienna,Prague,1949.6000000000001,1953.6000000000001,3,3
Paris_1,Paris,Munich,1948.6000000000001,1957.6000000000001,3,3
Vienna_1,Prague,Vienna,1955.0,1959.0,0,3
Munich_2,Paris,Munich,1952.0,1961.0,0,3
Paris_2,Paris,Brussels,1959.6000000000001,1963.6000000000001,3,3
Munich_3,Munich,Vienna,1958.8000000000004,1963.8000000000004,3,3
Berlin_0,Berlin,Prague,1960.6000000000001,1964.6000000000001,3,3
Vienna_2,Vienna,Prague,1961.6000000000001,1965.6000000000001,3,3
Paris_1,Munich,Paris,1959.2,1968.2,1,3
Paris_2,Brussels,Paris,1965.2,1969.2,1,3
Munich_3,Vienna,Munich,1965.0,1970.0,0,3
Berlin_0,Prague,Berlin,1966.0,1970.0,0,3
Prague_0,Prague,Munich,1966.8000000000004,1970.8000000000004,3,3
Vienna_2,Prague,Vienna,1967.0,1971.0,0,3
Prague_0,Munich,Prague,1972.0,1976.0,0,3
Munich_1,Munich,Milan,1972.6000000000001,1978.6000000000001,3,3
Munich_1,Milan,Munich,1980.0,1986.0,0,3
Munich_0,Munich,Paris,1978.6000000000001,1987.6000000000001,3,3
Vienna_3,Vienna,Prague,1986.6000000000001,1990.6000000000001,3,3
Vienna_3,Prague,Vienna,1992.0,1996.0,0,3
Munich_0,Paris,Munich,1989.0,1998.0,0,3
Berlin_1,Berlin,Prague,1996.6000000000001,2000.6000000000001,3,3
Berlin_1,Prague,Berlin,2002.0,2006.0,0,3
Prague_1,Prague,Munich,2002.6000000000001,2006.6000000000001,3,3
Prague_1,Munich,Prague,2008.0,2012.0,0,3
Vienna_4,Vienna,Prague,2009.6000000000001,2013.6000000000001,3,3
Munich_4,Munich,Milan,2008.6000000000001,2014.6000000000001,3,3
Lyon_3,Lyon,Paris,2012.6000000000001,2017.6000000000001,3,3
Vienna_4,Prague,Vienna,2015.0,2019.0,0,3
Munich_4,Milan,Munich,2016.0,2022.0,0,3
Paris_4,Paris,Munich,2013.6000000000001,2022.6000000000001,3,3
Paris_0,Paris,Brussels,2019.8000000000002,2023.8000000000002,3,3
Lyon_3,Paris,Lyon,2019.2,2024.2,1,3
Rotterdam_3,Rotterdam,Brussels,2023.6000000000001,2025.6000000000001,3,3
Brussels_2,Brussels,Rotterdam,2025.6000000000001,2027.6000000000001,3,3
Munich_2,Munich,Vienna,2023.8000000000004,2028.8000000000004,3,3
Paris_0,Brussels,Paris,2025.0,2029.0,0,3
Rotterdam_3,Brussels,Rotterdam,2027.0,2029.0,0,3
Lyon_4,Lyon,Milan,2025.6000000000001,2030.6000000000001,3,3
Brussels_2,Rotterdam,Brussels,2029.0,2031.0,0,3
Vienna_0,Vienna,Prague,2027.6000000000001,2031.6000000000001,3,3
Brussels_3,Brussels,Paris,2027.6000000000001,2031.6000000000001,3,3
Paris_4,Munich,Paris,2024.4,2033.4,2,3
Rotterdam_4,Rotterdam,Hamburg,2029.6000000000001,2034.6000000000001,3,3
Munich_2,Vienna,Munich,2030.0,2035.0,0,3
Lyon_4,Milan,Lyon,2032.0,2037.0,0,3
Vienna_0,Prague,Vienna,2033.0,2037.0,0,3
Brussels_3,Paris,Brussels,2033.2,2037.2,1,3
Berlin_2,Berlin,Prague,2034.6000000000001,2038.6000000000001,3,3
Paris_3,Paris,Lyon,2033.8000000000002,2038.8000000000002,3,3
Vienna_1,Vienna,Prague,2035.6000000000001,2039.6000000000001,3,3
Rotterdam_4,Hamburg,Rotterdam,2036.0,2041.0,0,3
Berlin_2,Prague,Berlin,2040.0,2044.0,0,3
Prague_2,Prague,Munich,2040.8000000000004,2044.8000000000004,3,3
Vienna_1,Prague,Vienna,2041.0,2045.0,0,3
Paris_3,Lyon,Paris,2040.2,2045.2,1,3
Lyon_0,Lyon,Milan,2040.8000000000002,2045.8000000000002,3,3
Prague_2,Munich,Prague,2046.0,2050.0,0,3
Paris_1,Paris,Munich,2042.6000000000001,2051.6000000000004,3,3
Lyon_0,Milan,Lyon,2047.0,2052.0,0,3
Munich_3,Munich,Milan,2046.6000000000001,2052.6000000000004,3,3
Berlin_3,Berlin,Prague,2051.5999999999995,2055.5999999999995,3,3
Munich_1,Munich,Vienna,2052.7999999999993,2057.7999999999993,3,3
Munich_3,Milan,Munich,2054.0,2060.0,0,3
Berlin_3,Prague,Berlin,2057.0,2061.0,0,3
Prague_3,Prague,Munich,2057.5999999999995,2061.5999999999995,3,3
Paris_1,Munich,Paris,2053.2,2062.2,1,3
Vienna_2,Vienna,Prague,2058.999999999998,2062.999999999998,3,3
Paris_2,Paris,Munich,2054.5999999999995,2063.5999999999995,3,3
Munich_1,Vienna,Munich,2059.0,2064.0,0,3
Prague_3,Munich,Prague,2063.0,2067.0,0,3
Berlin_4,Berlin,Prague,2063.5999999999995,2067.5999999999995,3,3
Vienna_2,Prague,Vienna,2064.0,2068.0,0,3
Munich_0,Munich,Milan,2063.5999999999995,2069.5999999999995,3,3
Munich_4,Munich,Vienna,2064.7999999999984,2069.7999999999984,3,3
Berlin_4,Prague,Berlin,2069.0,2073.0,0,3
Prague_4,Prague,Munich,2069.5999999999995,2073.5999999999995,3,3
Paris_2,Munich,Paris,2065.2,2074.2,1,3
Munich_4,Vienna,Munich,2071.0,2076.0,0,3
Munich_0,Milan,Munich,2071.0,2077.0,0,3
Vienna_3,Vienna,Prague,2074.5999999999995,2078.5999999999995,3,3
Prague_4,Munich,Prague,2075.0,2079.0,0,3
Munich_2,Munich,Milan,2075.5999999999995,2081.5999999999995,3,3
Vienna_3,Prague,Vienna,2080.0,2084.0,0,3
Paris_4,Paris,Brussels,2080.5999999999995,2084.5999999999995,3,3
Berlin_0,Berlin,Prague,2081.5999999999995,2085.5999999999995,3,3
Vienna_4,Vienna,Prague,2082.5999999999995,2086.5999999999995,3,3
Paris_0,Paris,Munich,2078.5999999999995,2087.5999999999995,3,3
Munich_2,Milan,Munich,2083.0,2089.0,0,3
Paris_4,Brussels,Paris,2086.0,2090.0,0,3
Berlin_0,Prague,Berlin,2087.0,2091.0,0,3
Prague_0,Prague,Munich,2087.7999999999984,2091.7999999999984,3,3
Vienna_4,Prague,Vienna,2088.0,2092.0,0,3
Munich_3,Munich,Vienna,2088.7999999999984,2093.7999999999984,3,3
Prague_0,Munich,Prague,2093.0,2097.0,0,3
Paris_0,Munich,Paris,2089.2,2098.2,1,3
Munich_1,Munich,Milan,2093.5999999999995,2099.5999999999995,3,3
Vienna_0,Vienna,Prague,2095.5999999999995,2099.5999999999995,3,3
Munich_3,Vienna,Munich,2095.0,2100.0,0,3
Berlin_1,Berlin,Prague,2097.5999999999995,2101.5999999999995,3,3
Paris_3,Paris,Brussels,2100.5999999999995,2104.5999999999995,3,3
Vienna_0,Prague,Vienna,2101.0,2105.0,0,3
Munich_1,Milan,Munich,2101.0,2107.0,0,3
Berlin_1,Prague,Berlin,2103.0,2107.0,0,3
Prague_1,Prague,Munich,2103.5999999999995,2107.5999999999995,3,3
Rotterdam_0,Rotterdam,Brussels,2105.5999999999995,2107.5999999999995,3,3
Paris_3,Brussels,Paris,2106.0,2110.0,0,3
Rotterdam_0,Brussels,Rotterdam,2109.3999999999996,2111.3999999999996,2,3
Prague_1,Munich,Prague,2109.0,2113.0,0,3
Brussels_4,Brussels,Paris,2109.999999999999,2113.999999999999,3,3
Lyon_1,Lyon,Paris,2109.5999999999995,2114.5999999999995,3,3
Munich_4,Munich,Milan,2109.5999999999995,2115.5999999999995,3,3
Vienna_1,Vienna,Prague,2114.5999999999995,2118.5999999999995,3,3
Brussels_4,Paris,Brussels,2115.5999999999985,2119.5999999999985,2,3
Paris_1,Paris,Munich,2111.5999999999995,2120.5999999999995,3,3
Lyon_1,Paris,Lyon,2116.0,2121.0,0,3
Paris_2,Paris,Lyon,2116.199999999998,2121.199999999998,3,3
Munich_4,Milan,Munich,2117.0,2123.0,0,3
Vienna_1,Prague,Vienna,2120.0,2124.0,0,3
Munich_0,Munich,Vienna,2121.7999999999984,2126.7999999999984,3,3
Paris_2,Lyon,Paris,2122.2,2127.2,1,3
Lyon_2,Lyon,Milan,2122.7999999999993,2127.7999999999993,3,3
Paris_1,Munich,Paris,2122.3999999999996,2131.3999999999996,2,3
Munich_0,Vienna,Munich,2128.0,2133.0,0,3
Paris_4,Paris,Munich,2124.5999999999995,2133.5999999999995,3,3
Lyon_2,Milan,Lyon,2129.0,2134.0,0,3
Munich_2,Munich,Vienna,2134.7999999999984,2139.7999999999984,3,3
Paris_0,Paris,Brussels,2137.5999999999995,2141.5999999999995,3,3
Vienna_2,Vienna,Prague,2138.5999999999995,2142.5999999999995,3,3
Paris_4,Munich,Paris,2135.0,2144.0,0,3
Brussels_0,Brussels,Rotterdam,2142.7999999999984,2144.7999999999984,3,3
Munich_2,Vienna,Munich,2141.0,2146.0,0,3
Paris_0,Brussels,Paris,2143.0,2147.0,0,3
Vienna_2,Prague,Vienna,2144.0,2148.0,0,3
Brussels_0,Rotterdam,Brussels,2146.0,2148.0,0,3
Vienna_3,Vienna,Prague,2144.5999999999995,2148.5999999999995,3,3
Rotterdam_1,Rotterdam,Hamburg,2145.9999999999973,2150.9999999999973,3,3
Vienna_3,Prague,Vienna,2150.0,2154.0,0,3
Paris_3,Paris,Munich,2146.5999999999995,2155.5999999999995,3,3
Rotterdam_1,Hamburg,Rotterdam,2152.0,2157.0,0,3
Munich_3,Munich,Vienna,2156.7999999999984,2161.7999999999984,3,3
Paris_3,Munich,Paris,2157.0,2166.0,0,3
Munich_3,Vienna,Munich,2163.0,2168.0,0,3
Munich_1,Munich,Paris,2166.5999999999995,2175.5999999999995,3,3
Vienna_4,Vienna,Prague,2174.5999999999995,2178.5999999999995,3,3
Berlin_2,Berlin,Prague,2176.5999999999995,2180.5999999999995,3,3
Vienna_4,Prague,Vienna,2180.0,2184.0,0,3
Berlin_2,Prague,Berlin,2182.0,2186.0,0,3
Munich_1,Paris,Munich,2177.3999999999996,2186.3999999999996,2,3
Prague_2,Prague,Munich,2182.5999999999995,2186.5999999999995,3,3
Vienna_0,Vienna,Prague,2185.5999999999995,2189.5999999999995,3,3
Prague_2,Munich,Prague,2188.0,2192.0,0,3
Munich_4,Munich,Vienna,2187.999999999998,2192.999999999998,3,3
Munich_0,Munich,Milan,2188.5999999999995,2194.5999999999995,3,3
Vienna_0,Prague,Vienna,2191.0,2195.0,0,3
Paris_2,Paris,Brussels,2191.5999999999995,2195.5999999999995,3,3
Munich_4,Vienna,Munich,2194.0,2199.0,0,3
Rotterdam_2,Rotterdam,Brussels,2197.5999999999995,2199.5999999999995,3,3
Paris_2,Brussels,Paris,2197.0,2201.0,0,3
Berlin_3,Berlin,Prague,2197.5999999999995,2201.5999999999995,3,3
Munich_0,Milan,Munich,2196.0,2202.0,0,3
Rotterdam_2,Brussels,Rotterdam,2201.2,2203.2,1,3
Brussels_1,Brussels,Paris,2201.7999999999993,2205.7999999999993,3,3
Berlin_3,Prague,Berlin,2203.0,2207.0,0,3
Vienna_1,Vienna,Prague,2203.5999999999995,2207.5999999999995,3,3
Prague_3,Prague,Munich,2203.5999999999995,2207.5999999999995,3,3
Rotterdam_3,Rotterdam,Hamburg,2204.5999999999995,2209.5999999999995,3,3
Brussels_1,Paris,Brussels,2207.3999999999996,2211.3999999999996,2,3
Paris_1,Paris,Lyon,2207.999999999999,2212.999999999999,3,3
Vienna_1,Prague,Vienna,2209.0,2213.0,0,3
Prague_3,Munich,Prague,2209.0,2213.0,0,3
Munich_2,Munich,Milan,2209.5999999999995,2215.5999999999995,3,3
Rotterdam_3,Hamburg,Rotterdam,2211.0,2216.0,0,3
Paris_1,Lyon,Paris,2214.3999999999996,2219.3999999999996,2,3
Lyon_3,Lyon,Milan,2214.999999999999,2219.999999999999,3,3
Munich_2,Milan,Munich,2217.0,2223.0,0,3
Lyon_3,Milan,Lyon,2221.0,2226.0,0,3
Vienna_2,Vienna,Prague,2229.5999999999995,2233.5999999999995,3,3
Munich_3,Munich,Paris,2228.5999999999995,2237.5999999999995,3,3
Paris_4,Paris,Brussels,2233.5999999999995,2237.5999999999995,3,3
Berlin_4,Berlin,Prague,2234.5999999999995,2238.5999999999995,3,3
Vienna_2,Prague,Vienna,2235.0,2239.0,0,3
Paris_4,Brussels,Paris,2239.0,2243.0,0,3
Berlin_4,Prague,Berlin,2240.0,2244.0,0,3
Prague_4,Prague,Munich,2240.5999999999995,2244.5999999999995,3,3
Munich_3,Paris,Munich,2239.2,2248.2,1,3
Prague_4,Munich,Prague,2246.0,2250.0,0,3
Munich_1,Munich,Milan,2246.5999999999995,2252.5999999999995,3,3
Vienna_3,Vienna,Prague,2248.5999999999995,2252.5999999999995,3,3
Vienna_3,Prague,Vienna,2254.0,2258.0,0,3
Munich_1,Milan,Munich,2254.0,2260.0,0,3
Munich_4,Munich,Paris,2265.5999999999995,2274.5999999999995,3,3
Paris_0,Paris,Munich,2270.5999999999995,2279.5999999999995,3,3
Munich_4,Paris,Munich,2276.2,2285.2,1,3
Berlin_0,Berlin,Prague,2281.5999999999995,2285.5999999999995,3,3
Munich_0,Munich,Vienna,2280.7999999999984,2285.7999999999984,3,3
Paris_0,Munich,Paris,2281.3999999999996,2290.3999999999996,2,3
Berlin_0,Prague,Berlin,2287.0,2291.0,0,3
Munich_2,Munich,Vienna,2286.5999999999995,2291.5999999999995,3,3
Prague_0,Prague,Munich,2287.5999999999995,2291.5999999999995,3,3
Munich_0,Vienna,Munich,2287.0,2292.0,0,3
Paris_3,Paris,Brussels,2288.5999999999995,2292.5999999999995,3,3
Prague_0,Munich,Prague,2293.0,2297.0,0,3
Munich_2,Vienna,Munich,2293.0,2298.0,0,3
Paris_3,Brussels,Paris,2294.0,2298.0,0,3
Paris_2,Paris,Munich,2290.5999999999995,2299.5999999999995,3,3
Munich_3,Munich,Milan,2293.5999999999995,2299.5999999999995,3,3
Munich_1,Munich,Vienna,2301.5999999999995,2306.5999999999995,3,3
Vienna_4,Vienna,Prague,2302.5999999999995,2306.5999999999995,3,3
Rotterdam_4,Rotterdam,Brussels,2304.5999999999995,2306.5999999999995,3,3
Munich_3,Milan,Munich,2301.0,2307.0,0,3
Paris_2,Munich,Paris,2301.0,2310.0,0,3
Rotterdam_4,Brussels,Rotterdam,2308.3999999999996,2310.3999999999996,2,3
Vienna_4,Prague,Vienna,2308.0,2312.0,0,3
Brussels_2,Brussels,Paris,2308.999999999999,2312.999999999999,3,3
Munich_1,Vienna,Munich,2308.0,2313.0,0,3
Brussels_2,Paris,Brussels,2314.0,2318.0,0,3
Paris_1,Paris,Lyon,2314.5999999999995,2319.5999999999995,3,3
Paris_1,Lyon,Paris,2321.3999999999996,2326.3999999999996,2,3
Lyon_4,Lyon,Milan,2321.999999999999,2326.999999999999,3,3
Paris_4,Paris,Brussels,2327.5999999999995,2331.5999999999995,3,3
Lyon_4,Milan,Lyon,2328.0,2333.0,0,3
Vienna_0,Vienna,Prague,2329.5999999999995,2333.5999999999995,3,3
Paris_4,Brussels,Paris,2333.0,2337.0,0,3
Paris_0,Paris,Munich,2329.5999999999995,2338.5999999999995,3,3
Vienna_0,Prague,Vienna,2335.0,2339.0,0,3
Munich_4,Munich,Vienna,2340.999999999999,2345.999999999999,3,3
Paris_0,Munich,Paris,2340.3999999999996,2349.3999999999996,2,3
Vienna_1,Vienna,Prague,2345.5999999999995,2349.5999999999995,3,3
Munich_4,Vienna,Munich,2347.0,2352.0,0,3
Vienna_1,Prague,Vienna,2351.0,2355.0,0,3
Berlin_1,Berlin,Prague,2352.5999999999995,2356.5999999999995,3,3
Berlin_1,Prague,Berlin,2358.0,2362.0,0,3
Prague_1,Prague,Munich,2358.5999999999995,2362.5999999999995,3,3
Lyon_0,Lyon,Paris,2358.5999999999995,2363.5999999999995,3,3
Prague_1,Munich,Prague,2364.0,2368.0,0,3
Berlin_2,Berlin,Prague,2364.5999999999995,2368.5999999999995,3,3
Paris_3,Paris,Brussels,2364.7999999999984,2368.7999999999984,3,3
Lyon_0,Paris,Lyon,2365.0,2370.0,0,3
Munich_0,Munich,Milan,2364.5999999999995,2370.5999999999995,3,3
Vienna_2,Vienna,Prague,2366.5999999999995,2370.5999999999995,3,3
Brussels_3,Brussels,Rotterdam,2370.5999999999995,2372.5999999999995,3,3
Paris_3,Brussels,Paris,2370.0,2374.0,0,3
Berlin_2,Prague,Berlin,2370.0,2374.0,0,3
Prague_2,Prague,Munich,2370.5999999999995,2374.5999999999995,3,3
Vienna_2,Prague,Vienna,2372.0,2376.0,0,3
Brussels_3,Rotterdam,Brussels,2374.2,2376.2,1,3
Munich_0,Milan,Munich,2372.0,2378.0,0,3
Rotterdam_0,Rotterdam,Hamburg,2373.7999999999984,2378.7999999999984,3,3
Prague_2,Munich,Prague,2376.0,2380.0,0,3
Munich_2,Munich,Milan,2376.5999999999995,2382.5999999999995,3,3
Rotterdam_0,Hamburg,Rotterdam,2380.0,2385.0,0,3
Paris_2,Paris,Brussels,2383.5999999999995,2387.5999999999995,3,3
Munich_2,Milan,Munich,2384.0,2390.0,0,3
Paris_2,Brussels,Paris,2389.2,2393.2,1,3
Vienna_3,Vienna,Prague,2395.5999999999995,2399.5999999999995,3,3
Vienna_3,Prague,Vienna,2401.0,2405.0,0,3
Paris_1,Paris,Munich,2398.5999999999995,2407.5999999999995,3,3
Vienna_4,Vienna,Prague,2405.5999999999995,2409.5999999999995,3,3
Munich_1,Munich,Vienna,2409.5999999999995,2414.5999999999995,3,3
Vienna_4,Prague,Vienna,2411.0,2415.0,0,3
Munich_3,Munich,Paris,2408.7999999999984,2417.7999999999984,3,3
Paris_1,Munich,Paris,2409.0,2418.0,0,3
Berlin_3,Berlin,Prague,2414.5999999999995,2418.5999999999995,3,3
Munich_1,Vienna,Munich,2416.0,2421.0,0,3
Berlin_3,Prague,Berlin,2420.0,2424.0,0,3
Paris_4,Paris,Brussels,2420.5999999999995,2424.5999999999995,3,3
Prague_3,Prague,Munich,2420.5999999999995,2424.5999999999995,3,3
Munich_3,Paris,Munich,2419.2,2428.2,1,3
Paris_4,Brussels,Paris,2426.0,2430.0,0,3
Prague_3,Munich,Prague,2426.0,2430.0,0,3
Munich_4,Munich,Milan,2426.5999999999995,2432.5999999999995,3,3
Munich_4,Milan,Munich,2434.0,2440.0,0,3
Lyon_1,Lyon,Paris,2435.5999999999995,2440.5999999999995,3,3
Paris_0,Paris,Brussels,2442.7999999999993,2446.7999999999993,3,3
Lyon_1,Paris,Lyon,2442.2,2447.2,1,3
Brussels_4,Brussels,Rotterdam,2447.999999999998,2449.999999999998,3,3
Munich_0,Munich,Paris,2442.5999999999995,2451.5999999999995,3,3
Paris_0,Brussels,Paris,2448.0,2452.0,0,3
Brussels_4,Rotterdam,Brussels,2451.2,2453.2,1,3
Rotterdam_1,Rotterdam,Hamburg,2451.7999999999993,2456.7999999999993,3,3
Paris_3,Paris,Munich,2448.5999999999995,2457.5999999999995,3,3
Vienna_0,Vienna,Prague,2454.5999999999995,2458.5999999999995,3,3
Berlin_4,Berlin,Prague,2456.5999999999995,2460.5999999999995,3,3
Munich_0,Paris,Munich,2453.0,2462.0,0,3
Rotterdam_1,Hamburg,Rotterdam,2458.0,2463.0,0,3
Munich_2,Munich,Vienna,2458.7999999999984,2463.7999999999984,3,3
Vienna_0,Prague,Vienna,2460.0,2464.0,0,3
Berlin_4,Prague,Berlin,2462.0,2466.0,0,3
Prague_4,Prague,Munich,2462.5999999999995,2466.5999999999995,3,3
Paris_1,Paris,Brussels,2462.5999999999995,2466.5999999999995,3,3
Paris_3,Munich,Paris,2459.0,2468.0,0,3
Munich_2,Vienna,Munich,2465.0,2470.0,0,3
Paris_2,Paris,Munich,2461.5999999999995,2470.5999999999995,3,3
Prague_4,Munich,Prague,2468.0,2472.0,0,3
Paris_1,Brussels,Paris,2468.2,2472.2,1,3
Munich_1,Munich,Milan,2468.5999999999995,2474.5999999999995,3,3
Vienna_1,Vienna,Prague,2470.5999999999995,2474.5999999999995,3,3
Munich_3,Munich,Vienna,2471.7999999999984,2476.7999999999984,3,3
Vienna_1,Prague,Vienna,2476.0,2480.0,0,3
Paris_2,Munich,Paris,2472.0,2481.0,0,3
Munich_1,Milan,Munich,2476.0,2482.0,0,3
Munich_3,Vienna,Munich,2478.0,2483.0,0,3
Lyon_2,Lyon,Paris,2487.5999999999995,2492.5999999999995,3,3
Paris_4,Paris,Munich,2488.5999999999995,2497.5999999999995,3,3
Paris_0,Paris,Brussels,2493.7999999999984,2497.7999999999984,3,3
Lyon_2,Paris,Lyon,2494.2,2499.2,1,3
Paris_3,Paris,Brussels,2496.5999999999995,2500.5999999999995,3,3
Brussels_0,Brussels,Rotterdam,2499.5999999999995,2501.5999999999995,3,3
Paris_0,Brussels,Paris,2499.0,2503.0,0,3
Munich_4,Munich,Vienna,2498.7999999999984,2503.7999999999984,3,3
Brussels_0,Rotterdam,Brussels,2503.3999999999996,2505.3999999999996,2,3
Paris_3,Brussels,Paris,2502.0,2506.0,0,3
Rotterdam_2,Rotterdam,Hamburg,2502.7999999999984,2507.7999999999984,3,3
Paris_4,Munich,Paris,2499.3999999999996,2508.3999999999996,2,3
Munich_4,Vienna,Munich,2505.0,2510.0,0,3
Rotterdam_2,Hamburg,Rotterdam,2509.0,2514.0,0,3
Vienna_2,Vienna,Prague,2511.5999999999995,2515.5999999999995,3,3
Paris_1,Paris,Munich,2507.5999999999995,2516.5999999999995,3,3
Vienna_2,Prague,Vienna,2517.0,2521.0,0,3
Paris_2,Paris,Munich,2513.5999999999995,2522.5999999999995,3,3
Munich_0,Munich,Vienna,2517.7999999999984,2522.7999999999984,3,3
Vienna_3,Vienna,Prague,2520.5999999999995,2524.5999999999995,3,3
Paris_1,Munich,Paris,2518.2,2527.2,1,3
Munich_2,Munich,Vienna,2523.7999999999984,2528.7999999999984,3,3
Munich_0,Vienna,Munich,2524.0,2529.0,0,3
Vienna_3,Prague,Vienna,2526.0,2530.0,0,3
Paris_2,Munich,Paris,2524.2,2533.2,1,3
Berlin_0,Berlin,Prague,2530.5999999999995,2534.5999999999995,3,3
Munich_2,Vienna,Munich,2530.0,2535.0,0,3
Berlin_0,Prague,Berlin,2536.0,2540.0,0,3
Prague_0,Prague,Munich,2536.5999999999995,2540.5999999999995,3,3
Vienna_4,Vienna,Prague,2537.5999999999995,2541.5999999999995,3,3
Berlin_1,Berlin,Prague,2538.5999999999995,2542.5999999999995,3,3
Prague_0,Munich,Prague,2542.0,2546.0,0,3
Vienna_4,Prague,Vienna,2543.0,2547.0,0,3
Berlin_1,Prague,Berlin,2544.0,2548.0,0,3
Munich_1,Munich,Milan,2542.5999999999995,2548.5999999999995,3,3
Prague_1,Prague,Munich,2544.5999999999995,2548.5999999999995,3,3
Vienna_0,Vienna,Prague,2545.5999999999995,2549.5999999999995,3,3
Prague_1,Munich,Prague,2550.0,2554.0,0,3
Vienna_0,Prague,Vienna,2551.0,2555.0,0,3
Munich_1,Milan,Munich,2550.0,2556.0,0,3
Paris_0,Paris,Munich,2547.5999999999995,2556.5999999999995,3,3
Munich_3,Munich,Milan,2550.5999999999995,2556.5999999999995,3,3
Munich_0,Munich,Vienna,2557.7999999999984,2562.7999999999984,3,3
Munich_4,Munich,Paris,2554.5999999999995,2563.5999999999995,3,3
Munich_3,Milan,Munich,2558.0,2564.0,0,3
Paris_3,Paris,Brussels,2561.5999999999995,2565.5999999999995,3,3
Paris_0,Munich,Paris,2558.0,2567.0,0,3
Munich_0,Vienna,Munich,2564.0,2569.0,0,3
Paris_3,Brussels,Paris,2567.3999999999996,2571.3999999999996,2,3
Munich_4,Paris,Munich,2565.0,2574.0,0,3
Munich_2,Munich,Paris,2576.5999999999995,2585.5999999999995,3,3
Vienna_1,Vienna,Prague,2581.5999999999995,2585.5999999999995,3,3
Paris_4,Paris,Brussels,2584.5999999999995,2588.5999999999995,3,3
Vienna_1,Prague,Vienna,2587.0,2591.0,0,3
Paris_4,Brussels,Paris,2590.0,2594.0,0,3
Paris_1,Paris,Munich,2585.5999999999995,2594.5999999999995,3,3
Munich_2,Paris,Munich,2587.0,2596.0,0,3
Vienna_2,Vienna,Prague,2596.5999999999995,2600.5999999999995,3,3
Munich_1,Munich,Vienna,2595.7999999999984,2600.7999999999984,3,3
Berlin_2,Berlin,Prague,2598.5999999999995,2602.5999999999995,3,3
Paris_1,Munich,Paris,2596.3999999999996,2605.3999999999996,2,3
Vienna_2,Prague,Vienna,2602.0,2606.0,0,3
Munich_1,Vienna,Munich,2602.0,2607.0,0,3
Berlin_2,Prague,Berlin,2604.0,2608.0,0,3
Prague_2,Prague,Munich,2604.5999999999995,2608.5999999999995,3,3
Prague_2,Munich,Prague,2610.0,2614.0,0,3
Munich_3,Munich,Milan,2610.5999999999995,2616.5999999999995,3,3
Paris_2,Paris,Munich,2611.5999999999995,2620.5999999999995,3,3
Munich_3,Milan,Munich,2618.0,2624.0,0,3
Vienna_3,Vienna,Prague,2622.5999999999995,2626.5999999999995,3,3
Munich_0,Munich,Vienna,2621.7999999999984,2626.7999999999984,3,3
Paris_2,Munich,Paris,2622.3999999999996,2631.3999999999996,2,3
Vienna_3,Prague,Vienna,2628.0,2632.0,0,3
Munich_0,Vienna,Munich,2628.0,2633.0,0,3
Paris_0,Paris,Munich,2630.5999999999995,2639.5999999999995,3,3
Vienna_4,Vienna,Prague,2641.5999999999995,2645.5999999999995,3,3
Berlin_3,Berlin,Prague,2641.5999999999995,2645.5999999999995,3,3
Munich_4,Munich,Vienna,2640.7999999999984,2645.7999999999984,3,3
Paris_0,Munich,Paris,2641.3999999999996,2650.3999999999996,2,3
Vienna_4,Prague,Vienna,2647.0,2651.0,0,3
Berlin_3,Prague,Berlin,2647.0,2651.0,0,3
Lyon_3,Lyon,Paris,2646.5999999999995,2651.5999999999995,3,3
Prague_3,Prague,Munich,2647.5999999999995,2651.5999999999995,3,3
Munich_4,Vienna,Munich,2647.0,2652.0,0,3
Paris_3,Paris,Brussels,2652.7999999999984,2656.7999999999984,3,3
Prague_3,Munich,Prague,2653.0,2657.0,0,3
Lyon_3,Paris,Lyon,2653.3999999999996,2658.3999999999996,2,3
Munich_2,Munich,Milan,2653.5999999999995,2659.5999999999995,3,3
Brussels_1,Brussels,Rotterdam,2658.5999999999995,2660.5999999999995,3,3
Paris_3,Brussels,Paris,2658.0,2662.0,0,3
Rotterdam_3,Rotterdam,Brussels,2660.5999999999995,2662.5999999999995,3,3
Brussels_1,Rotterdam,Brussels,2662.0,2664.0,0,3
Lyon_4,Lyon,Milan,2659.5999999999995,2664.5999999999995,3,3
Rotterdam_3,Brussels,Rotterdam,2664.2,2666.2,1,3
Rotterdam_4,Rotterdam,Hamburg,2661.7999999999984,2666.7999999999984,3,3
Munich_2,Milan,Munich,2661.0,2667.0,0,3
Brussels_2,Brussels,Paris,2664.7999999999993,2668.7999999999993,3,3
Vienna_0,Vienna,Prague,2665.5999999999995,2669.5999999999995,3,3
Paris_4,Paris,Munich,2661.5999999999995,2670.5999999999995,3,3
Lyon_4,Milan,Lyon,2666.0,2671.0,0,3
Rotterdam_0,Rotterdam,Hamburg,2667.5999999999995,2672.5999999999995,3,3
Rotterdam_4,Hamburg,Rotterdam,2668.0,2673.0,0,3
Paris_1,Paris,Brussels,2669.999999999998,2673.999999999998,3,3
Brussels_2,Paris,Brussels,2670.0,2674.0,0,3
Vienna_0,Prague,Vienna,2671.0,2675.0,0,3
Paris_2,Paris,Lyon,2670.5999999999995,2675.5999999999995,3,3
Munich_1,Munich,Vienna,2671.7999999999984,2676.7999999999984,3,3
Rotterdam_0,Hamburg,Rotterdam,2674.0,2679.0,0,3
Paris_1,Brussels,Paris,2675.0,2679.0,0,3
Paris_4,Munich,Paris,2672.3999999999996,2681.3999999999996,2,3
Lyon_0,Lyon,Milan,2676.7999999999984,2681.7999999999984,3,3
Paris_2,Lyon,Paris,2677.2,2682.2,1,3
Vienna_1,Vienna,Prague,2678.5999999999995,2682.5999999999995,3,3
Munich_1,Vienna,Munich,2678.0,2683.0,0,3
Paris_0,Paris,Munich,2674.5999999999995,2683.5999999999995,3,3
Munich_3,Munich,Paris,2676.5999999999995,2685.5999999999995,3,3
Lyon_0,Milan,Lyon,2683.0,2688.0,0,3
Vienna_1,Prague,Vienna,2684.0,2688.0,0,3
Munich_0,Munich,Vienna,2684.7999999999984,2689.7999999999984,3,3
Paris_0,Munich,Paris,2685.0,2694.0,0,3
Munich_0,Vienna,Munich,2691.0,2696.0,0,3
Munich_3,Paris,Munich,2687.2,2696.2,1,3
Vienna_2,Vienna,Prague,2699.5999999999995,2703.5999999999995,3,3
Berlin_4,Berlin,Prague,2700.5999999999995,2704.5999999999995,3,3
Vienna_2,Prague,Vienna,2705.0,2709.0,0,3
Berlin_4,Prague,Berlin,2706.0,2710.0,0,3
Prague_4,Prague,Munich,2706.5999999999995,2710.5999999999995,3,3
Paris_3,Paris,Munich,2703.5999999999995,2712.5999999999995,3,3
Prague_4,Munich,Prague,2712.0,2716.0,0,3
Paris_1,Paris,Brussels,2712.5999999999995,2716.5999999999995,3,3
Munich_4,Munich,Milan,2712.5999999999995,2718.5999999999995,3,3
Munich_2,Munich,Vienna,2713.7999999999984,2718.7999999999984,3,3
Paris_1,Brussels,Paris,2718.0,2722.0,0,3
Vienna_3,Vienna,Prague,2718.5999999999995,2722.5999999999995,3,3
Paris_3,Munich,Paris,2714.3999999999996,2723.3999999999996,2,3
Vienna_4,Vienna,Prague,2720.5999999999995,2724.5999999999995,3,3
Munich_2,Vienna,Munich,2720.0,2725.0,0,3
Lyon_1,Lyon,Paris,2720.5999999999995,2725.5999999999995,3,3
Munich_4,Milan,Munich,2720.0,2726.0,0,3
Vienna_3,Prague,Vienna,2724.0,2728.0,0,3
Vienna_4,Prague,Vienna,2726.0,2730.0,0,3
Paris_4,Paris,Brussels,2727.5999999999995,2731.5999999999995,3,3
Lyon_1,Paris,Lyon,2727.0,2732.0,0,3
Brussels_3,Brussels,Rotterdam,2732.7999999999984,2734.7999999999984,3,3
Paris_4,Brussels,Paris,2733.0,2737.0,0,3
Brussels_3,Rotterdam,Brussels,2736.3999999999996,2738.3999999999996,2,3
Rotterdam_1,Rotterdam,Hamburg,2736.999999999999,2741.999999999999,3,3
Vienna_0,Vienna,Prague,2739.5999999999995,2743.5999999999995,3,3
Berlin_0,Berlin,Prague,2739.5999999999995,2743.5999999999995,3,3
Rotterdam_1,Hamburg,Rotterdam,2743.0,2748.0,0,3
Vienna_0,Prague,Vienna,2745.0,2749.0,0,3
Berlin_0,Prague,Berlin,2745.0,2749.0,0,3
Prague_0,Prague,Munich,2745.5999999999995,2749.5999999999995,3,3
Prague_0,Munich,Prague,2751.0,2755.0,0,3
Munich_1,Munich,Milan,2751.5999999999995,2757.5999999999995,3,3
Vienna_1,Vienna,Prague,2756.5999999999995,2760.5999999999995,3,3
Munich_1,Milan,Munich,2759.0,2765.0,0,3
Vienna_1,Prague,Vienna,2762.0,2766.0,0,3
Paris_2,Paris,Brussels,2762.5999999999995,2766.5999999999995,3,3
Paris_2,Brussels,Paris,2768.3999999999996,2772.3999999999996,2,3
Paris_0,Paris,Munich,2769.5999999999995,2778.5999999999995,3,3
Munich_0,Munich,Paris,2770.5999999999995,2779.5999999999995,3,3
Vienna_2,Vienna,Prague,2777.5999999999995,2781.5999999999995,3,3
Munich_3,Munich,Vienna,2779.7999999999984,2784.7999999999984,3,3
Vienna_2,Prague,Vienna,2783.0,2787.0,0,3
Paris_0,Munich,Paris,2780.0,2789.0,0,3
Munich_0,Paris,Munich,2781.3999999999996,2790.3999999999996,2,3
Munich_3,Vienna,Munich,2786.0,2791.0,0,3
Vienna_3,Vienna,Prague,2787.5999999999995,2791.5999999999995,3,3
Lyon_2,Lyon,Paris,2791.5999999999995,2796.5999999999995,3,3
Munich_2,Munich,Vienna,2791.5999999999995,2796.5999999999995,3,3
Vienna_3,Prague,Vienna,2793.0,2797.0,0,3
Paris_1,Paris,Brussels,2797.7999999999984,2801.7999999999984,3,3
Munich_2,Vienna,Munich,2798.0,2803.0,0,3
Lyon_2,Paris,Lyon,2798.3999999999996,2803.3999999999996,2,3
Paris_3,Paris,Brussels,2800.5999999999995,2804.5999999999995,3,3
Brussels_4,Brussels,Rotterdam,2803.5999999999995,2805.5999999999995,3,3
Paris_1,Brussels,Paris,2803.0,2807.0,0,3
Brussels_4,Rotterdam,Brussels,2807.2,2809.2,1,3
Lyon_3,Lyon,Milan,2804.5999999999995,2809.5999999999995,3,3
Paris_3,Brussels,Paris,2806.0,2810.0,0,3
Rotterdam_2,Rotterdam,Hamburg,2807.7999999999993,2812.7999999999993,3,3
Munich_4,Munich,Paris,2806.5999999999995,2815.5999999999995,3,3
Lyon_3,Milan,Lyon,2811.0,2816.0,0,3
Vienna_4,Vienna,Prague,2812.5999999999995,2816.5999999999995,3,3
Rotterdam_2,Hamburg,Rotterdam,2814.0,2819.0,0,3
Vienna_4,Prague,Vienna,2818.0,2822.0,0,3
Vienna_0,Vienna,Prague,2818.5999999999995,2822.5999999999995,3,3
Munich_4,Paris,Munich,2817.3999999999996,2826.3999999999996,2,3
Vienna_0,Prague,Vienna,2824.0,2828.0,0,3
Munich_1,Munich,Vienna,2827.5999999999995,2832.5999999999995,3,3
Munich_1,Vienna,Munich,2834.0,2839.0,0,3
Lyon_4,Lyon,Paris,2836.5999999999995,2841.5999999999995,3,3
Paris_4,Paris,Brussels,2842.7999999999984,2846.7999999999984,3,3
Munich_0,Munich,Paris,2838.5999999999995,2847.5999999999995,3,3
Lyon_4,Paris,Lyon,2843.0,2848.0,0,3
Vienna_1,Vienna,Prague,2846.5999999999995,2850.5999999999995,3,3
Brussels_0,Brussels,Rotterdam,2848.7999999999993,2850.7999999999993,3,3
Paris_4,Brussels,Paris,2848.2,2852.2,1,3
Berlin_1,Berlin,Prague,2849.5999999999995,2853.5999999999995,3,3
Brussels_0,Rotterdam,Brussels,2852.0,2854.0,0,3
Vienna_1,Prague,Vienna,2852.0,2856.0,0,3
Rotterdam_3,Rotterdam,Hamburg,2852.5999999999995,2857.5999999999995,3,3
Munich_0,Paris,Munich,2849.3999999999996,2858.3999999999996,2,3
Berlin_1,Prague,Berlin,2855.0,2859.0,0,3
Prague_1,Prague,Munich,2855.5999999999995,2859.5999999999995,3,3
Rotterdam_3,Hamburg,Rotterdam,2859.0,2864.0,0,3
Prague_1,Munich,Prague,2861.0,2865.0,0,3
Munich_3,Munich,Milan,2861.5999999999995,2867.5999999999995,3,3
Vienna_2,Vienna,Prague,2864.5999999999995,2868.5999999999995,3,3
Vienna_3,Vienna,Prague,2867.5999999999995,2871.5999999999995,3,3
Vienna_2,Prague,Vienna,2870.0,2874.0,0,3
Munich_3,Milan,Munich,2869.0,2875.0,0,3
Munich_2,Munich,Paris,2867.5999999999995,2876.5999999999995,3,3
Vienna_3,Prague,Vienna,2873.0,2877.0,0,3
